molecule_id,smiles,B1_max,B5_max,EA_delta_SCC_max,HOMO_LUMO_gap_max,IP_delta_SCC_max,alpha_max,cone_angle_max,dip_norm_max,far_vbur_max,far_vtot_max,global_electrophilicity_index_max,lval_max,max_delta_qvbur_max,max_delta_qvtot_max,near_vbur_max,near_vtot_max,nucleophilicity_max,ovbur_max_max,ovbur_min_max,ovtot_max_max,ovtot_min_max,p_int_max,p_int_area_max,p_int_atom_max,p_int_atom_area_max,p_int_atom_times_p_int_atom_area_max,p_int_times_p_int_area_max,pyr_alpha_max,pyr_val_max,qvbur_max_max,qvbur_min_max,qvtot_max_max,qvtot_min_max,sasa_max,sasa_P_max,sasa_volume_max,sasa_volume_P_max,vbur_max,vtot_max,B1_min,B5_min,EA_delta_SCC_min,HOMO_LUMO_gap_min,IP_delta_SCC_min,alpha_min,cone_angle_min,dip_norm_min,far_vbur_min,far_vtot_min,global_electrophilicity_index_min,lval_min,max_delta_qvbur_min,max_delta_qvtot_min,near_vbur_min,near_vtot_min,nucleophilicity_min,ovbur_max_min,ovbur_min_min,ovtot_max_min,ovtot_min_min,p_int_min,p_int_area_min,p_int_atom_min,p_int_atom_area_min,p_int_atom_times_p_int_atom_area_min,p_int_times_p_int_area_min,pyr_alpha_min,pyr_val_min,qvbur_max_min,qvbur_min_min,qvtot_max_min,qvtot_min_min,sasa_min,sasa_P_min,sasa_volume_min,sasa_volume_P_min,vbur_min,vtot_min,B1_boltzmann_average,B5_boltzmann_average,EA_delta_SCC_boltzmann_average,HOMO_LUMO_gap_boltzmann_average,IP_delta_SCC_boltzmann_average,alpha_boltzmann_average,cone_angle_boltzmann_average,dip_norm_boltzmann_average,far_vbur_boltzmann_average,far_vtot_boltzmann_average,global_electrophilicity_index_boltzmann_average,lval_boltzmann_average,max_delta_qvbur_boltzmann_average,max_delta_qvtot_boltzmann_average,near_vbur_boltzmann_average,near_vtot_boltzmann_average,nucleophilicity_boltzmann_average,ovbur_max_boltzmann_average,ovbur_min_boltzmann_average,ovtot_max_boltzmann_average,ovtot_min_boltzmann_average,p_int_boltzmann_average,p_int_area_boltzmann_average,p_int_atom_boltzmann_average,p_int_atom_area_boltzmann_average,p_int_atom_times_p_int_atom_area_boltzmann_average,p_int_times_p_int_area_boltzmann_average,pyr_alpha_boltzmann_average,pyr_val_boltzmann_average,qvbur_max_boltzmann_average,qvbur_min_boltzmann_average,qvtot_max_boltzmann_average,qvtot_min_boltzmann_average,sasa_boltzmann_average,sasa_P_boltzmann_average,sasa_volume_boltzmann_average,sasa_volume_P_boltzmann_average,vbur_boltzmann_average,vtot_boltzmann_average,B1_std,B5_std,HOMO_LUMO_gap_std,IP_delta_SCC_std,alpha_std,cone_angle_std,dip_norm_std,far_vbur_std,far_vtot_std,global_electrophilicity_index_std,lval_std,max_delta_qvbur_std,max_delta_qvtot_std,near_vbur_std,near_vtot_std,nucleophilicity_std,ovbur_max_std,ovbur_min_std,ovtot_max_std,ovtot_min_std,p_int_std,p_int_area_std,p_int_atom_std,p_int_atom_area_std,p_int_atom_times_p_int_atom_area_std,p_int_times_p_int_area_std,pyr_alpha_std,pyr_val_std,qvbur_max_std,qvbur_min_std,qvtot_max_std,qvtot_min_std,sasa_std,sasa_P_std,sasa_volume_std,sasa_volume_P_std,vbur_std,vtot_std
8,CC(C)(C)P(C(C)(C)C)C(C)(C)C,4.0577327618487935,4.869462892882117,0.8676,5.175650783414,6.7774,169.876299,191.29718969249117,0.566,0.36133344891853014,0.38210701940287006,1.2336,6.483520656844245,4.091227115174325,14.819556022787005,72.51146405555406,250.46598761021102,-6.7545,19.61690950096407,0.0,68.27322987222637,0.0,17.85048214384529,288.20473709755953,27.298749980147292,8.298845228057887,226.5481010046907,5144.5935133316125,30.42154052859135,0.8369116415093649,19.850027855105058,16.912736592928617,68.49010142377935,56.05094239504327,395.3514608116118,4.659986785236525,657.3446759055396,6.0269427124404675,72.87279750447259,251.11328349756752,4.00163697347179,4.854814533702702,0.8411,4.866626109286,6.7545,169.857374,190.01264775432963,0.5604658776410925,0.0,0.0,1.2222,6.450948522944295,1.3987101248459233,9.873400641620385,71.99860367644388,249.83025801325363,-6.7774,18.85927485000586,0.0,66.7657832468524,0.0,17.671355447426123,284.1041939731306,26.263112240062867,7.698928705547675,202.1978287220405,5020.506195803689,29.03698689599192,0.8211621528194519,18.85927485000586,15.758800739930733,66.7657832468524,53.670545400992346,393.3514805011286,4.449987380751624,653.8674735880829,5.78436745535576,71.99860367644389,250.8480946296139,4.0577327618487935,4.854814533702702,0.8411,5.175650783414,6.7774,169.876299,190.01264775432963,0.566,0.0,0.0,1.2222,6.450948522944295,1.3987101248459233,9.873400641620385,71.99860367644388,249.83025801325363,-6.7774,18.85927485000586,0.0,66.7657832468524,0.0,17.671355447426123,284.1041939731306,26.263112240062867,7.698928705547675,202.1978287220405,5020.506195803689,29.03698689599192,0.8369116415093649,18.85927485000586,16.912736592928617,66.7657832468524,56.05094239504327,393.3514805011286,4.449987380751624,653.8674735880829,5.78436745535576,71.99860367644389,251.11328349756752,0.21586085319170162,0.43293721192949913,0.002071530825330839,0.030570174127611153,0.015909351808703894,2.7841435426772367,0.043009171706720396,0.0,0.8496655965178195,0.021982357679347052,0.04989112989823918,0.3699283156844088,7.674093528771459,0.5853536014967772,1.2222828348301613,0.028093773650779003,0.29561726447865044,0.0,3.762048536248562,0.0,0.043419429181395575,2.423388787646304,0.2128480531507714,0.004742732828907844,6.436567836729007,40.86392941174473,1.4099178236515666,0.010663386034887444,1.3721806007910955,1.8125902592909373,2.024661995541013,1.116887087884123,1.4381403701276363,0.3254524825660996,3.5105010816299047,0.9450558770542969,1.3582935449282925,1.2003917584790307
12,CC(C)(C)CP(C(C)(C)C)C(C)(C)C,4.0528954776162855,6.1261338990960805,0.9067,5.306261657928,6.7911,181.511727,200.80118802835514,0.6099581952888247,5.944518030595172,7.649120391497525,1.258,6.469234986557625,10.362110841566876,46.25421971420181,75.57697041250803,262.8293859554692,-6.7845,21.61007142886951,0.0,89.17394094232958,0.0,17.896584548543487,317.0062940545091,28.290015103595014,6.699067834697327,182.53179124252856,5669.7276660554835,22.223396400984804,0.8988604654504397,27.23987968137435,16.842801086686322,95.30022607155213,56.358632010718765,426.76156822169094,3.2999906419057012,712.9813730863382,4.188731042342221,79.48170284436958,269.7511775338126,3.999934302064784,6.012033750571408,0.8795,5.266307645753,6.7845,181.50083,193.51661489849408,0.5792935352651538,3.904732431861535,5.650485406746737,1.2441,6.44202081083805,7.121765719007158,27.412241996895915,72.65133506803865,260.27617515460804,-6.7911,20.934028201860645,0.0,80.88369267020359,0.0,17.72001124579903,312.30557250548793,27.18092006521057,6.199137399272153,171.21597196356532,5534.05825692295,22.12287040292983,0.8969821082399883,24.803792880601033,15.712177069102536,86.13601886704373,49.04600635735032,424.421512286365,2.5699927120295936,709.0672106581285,3.2202319514209083,77.81490661226151,269.179054136639,4.000260988370404,6.126107088395288,0.879509979,5.266323898206552,6.791097303000001,181.51172244556003,193.51903481874797,0.5793057675588495,3.9054412282173008,6.349639360513561,1.244105078,6.455479522884348,7.12320475860727,27.418780981363092,75.575728241358,262.828459828691,-6.791097303000001,21.609813133733123,0.0,80.88643988596704,0.0,17.72007607774013,312.30775165216863,27.18110768443145,6.299236470635597,171.22021668353827,5534.117418228844,22.122904144597097,0.8988596081157704,24.804564852030772,16.76088621102061,86.1394004814454,56.35622720753662,424.4225896174269,3.24990478393889,709.0689903444592,4.031456245886687,79.4811694695753,269.17924793625787,0.21586085319170162,0.43293721192949913,0.002071530825330839,0.030570174127611153,0.015909351808703894,2.7841435426772367,0.043009171706720396,0.0,0.8496655965178195,0.021982357679347052,0.04989112989823918,0.3699283156844088,7.674093528771459,0.5853536014967772,1.2222828348301613,0.028093773650779003,0.29561726447865044,0.0,3.762048536248562,0.0,0.043419429181395575,2.423388787646304,0.2128480531507714,0.004742732828907844,6.436567836729007,40.86392941174473,1.4099178236515666,0.010663386034887444,1.3721806007910955,1.8125902592909373,2.024661995541013,1.116887087884123,1.4381403701276363,0.3254524825660996,3.5105010816299047,0.9450558770542969,1.3582935449282925,1.2003917584790307
14,CP(C(C)(C)C)C(C)(C)C,3.3031837007370184,4.854489697639014,0.7856,5.408679032307,6.8392,134.921323,175.39167351778963,0.6795277772100269,0.0,0.0,1.2005,6.482942236437095,6.678840846139284,39.77909176859342,62.6505576753903,197.43853032790872,-6.8392,18.637812413571925,0.0,67.13561687136358,0.0,16.785911858521967,244.302362460375,23.314307041366032,11.598386101864032,270.4083347631705,4100.83792308854,21.82429769323722,0.8990954606655084,18.637812413571925,11.958971567432641,67.13561687136358,27.356525102770167,350.121236559145,10.309970763044776,551.8741242594796,13.734831404417209,62.650557675390296,199.6824480942479,3.3031837007370184,4.854489697639014,0.7856,5.408679032307,6.8392,134.921323,175.39167351778963,0.6795277772100269,0.0,0.0,1.2005,6.482942236437095,6.678840846139284,39.77909176859342,62.6505576753903,197.43853032790872,-6.8392,18.637812413571925,0.0,67.13561687136358,0.0,16.785911858521967,244.302362460375,23.314307041366032,11.598386101864032,270.4083347631705,4100.83792308854,21.82429769323722,0.8990954606655084,18.637812413571925,11.958971567432641,67.13561687136358,27.356525102770167,350.121236559145,10.309970763044776,551.8741242594796,13.734831404417209,62.650557675390296,199.6824480942479,3.3031837007370184,4.854489697639014,0.7856,5.408679032307,6.8392,134.921323,175.39167351778963,0.6795277772100269,0.0,0.0,1.2005,6.482942236437095,6.678840846139284,39.77909176859342,62.6505576753903,197.43853032790872,-6.8392,18.637812413571925,0.0,67.13561687136358,0.0,16.785911858521967,244.302362460375,23.314307041366032,11.598386101864032,270.4083347631705,4100.83792308854,21.82429769323722,0.8990954606655084,18.637812413571925,11.958971567432641,67.13561687136358,27.356525102770167,350.121236559145,10.309970763044776,551.8741242594796,13.734831404417209,62.650557675390296,199.6824480942479,0.21586085319170162,0.43293721192949913,0.002071530825330839,0.030570174127611153,0.015909351808703894,2.7841435426772367,0.043009171706720396,0.0,0.8496655965178195,0.021982357679347052,0.04989112989823918,0.3699283156844088,7.674093528771459,0.5853536014967772,1.2222828348301613,0.028093773650779003,0.29561726447865044,0.0,3.762048536248562,0.0,0.043419429181395575,2.423388787646304,0.2128480531507714,0.004742732828907844,6.436567836729007,40.86392941174473,1.4099178236515666,0.010663386034887444,1.3721806007910955,1.8125902592909373,2.024661995541013,1.116887087884123,1.4381403701276363,0.3254524825660996,3.5105010816299047,0.9450558770542969,1.3582935449282925,1.2003917584790307
30,CC(C)(C)P(C1CCCCC1)C(C)(C)C,4.053207504634131,6.750046592503258,0.9249,5.22567933813,6.8131,188.147626,190.31311355921184,0.626601947012615,0.37298936662557947,0.3579379806535661,1.2698,7.191394120655386,5.116947873394665,56.124613477379135,71.38084003797027,275.7908934757651,-6.7585,19.41875889994423,0.0,102.95813056626571,0.0,18.113775521137683,323.90828411001905,27.171304784611365,10.198580882673546,273.06534368359195,5860.269029801137,28.609641877436022,0.8879166704330161,19.791748266569808,16.807833333565174,102.95813056626571,54.83163161768114,437.33114935082114,6.649981142022092,728.6754442890244,8.603870751331065,71.75382940459585,275.7908934757651,3.9088703767818203,6.498495365054774,0.898,5.056266344478,6.7585,188.108075,180.12868692785065,0.5900796556398127,0.0,0.0,1.2523,6.446467367261278,2.0630974341477355,30.254091909451745,68.26871001018809,272.7645307636147,-6.8131,18.53290915420848,0.0,90.93950507448227,0.0,17.974092866284252,319.40709885848935,26.29431241427105,8.398831315142917,227.13960680811232,5753.945141786213,23.521961241482263,0.8403375557209997,18.53290915420848,13.77729472973234,90.93950507448227,46.3969448475139,434.2411759740071,4.409987494183064,723.6474828341295,5.922142200127663,68.31533368101628,274.1789798344272,3.9788510914163244,6.582201806499859,0.912169307,5.220125728166058,6.782538951000001,188.13989086713002,189.03051093276366,0.605043799251372,0.0003628487182204466,1.8686295872293635e-05,1.26071193,7.181713101108608,2.143693209606545,51.164422064597176,70.61051523972685,274.3928726263031,-6.782538951000001,18.95193007104274,0.0,102.87769455003927,0.0,18.054420028865312,323.1595794926264,27.161784149909927,9.003190219502317,244.5395301093487,5834.460097473124,27.20749872317863,0.8526399741547928,18.952292803201782,16.334853210652966,102.8776953394361,51.712950723324376,436.25454980140825,4.6796699294191795,726.3407906905836,6.317632699742305,70.61087808844506,275.54258293743413,0.21586085319170162,0.43293721192949913,0.002071530825330839,0.030570174127611153,0.015909351808703894,2.7841435426772367,0.043009171706720396,0.0,0.8496655965178195,0.021982357679347052,0.04989112989823918,0.3699283156844088,7.674093528771459,0.5853536014967772,1.2222828348301613,0.028093773650779003,0.29561726447865044,0.0,3.762048536248562,0.0,0.043419429181395575,2.423388787646304,0.2128480531507714,0.004742732828907844,6.436567836729007,40.86392941174473,1.4099178236515666,0.010663386034887444,1.3721806007910955,1.8125902592909373,2.024661995541013,1.116887087884123,1.4381403701276363,0.3254524825660996,3.5105010816299047,0.9450558770542969,1.3582935449282925,1.2003917584790307
31,CC(C)(C)P(c1ccccc1)C(C)(C)C,3.9909445732254185,6.407662065247068,1.0597,3.318360288597,6.8364,185.909068,187.6920216615308,0.5992211611750706,0.1398710124845923,0.14870978503233553,1.3457,7.2994619991861684,4.557463823456301,40.71461471635301,70.59989355159796,267.0827739180746,-6.7957,19.325511558287836,0.0,92.06033817045441,0.0,18.81512111303585,313.17941145687416,27.58019547097275,8.998747837653129,238.51436129409868,5892.508556670375,26.543284338944805,0.8728842005145775,19.47703848847948,16.761209662736977,92.06033817045441,51.79943334992835,426.24207589257264,5.439984573323336,697.8726391899397,7.31910603994604,70.59989355159797,267.23148370310696,3.874977726817091,6.405219195542077,1.0538,3.304960136503,6.7957,185.878437,181.86637744053928,0.5906174734970173,0.0,0.0,1.3447,7.217070233179891,1.3520864540177229,40.260904820526065,69.16621567363089,264.9575700498309,-6.8364,18.800995261470614,0.0,91.04225482229629,0.0,18.595749403977216,305.9802053654127,26.505283356879033,8.598803489312987,237.15668105173472,5689.9312215527,24.910083788630864,0.8560684801108313,18.800995261470614,14.814671405659734,91.04225482229629,50.327640105943274,424.5420977346469,4.669986756878668,694.2958872717792,6.30684608701799,69.30608668611548,266.98792586110574,3.875018315213334,6.407661210242672,1.0596979350000002,3.318355598543767,6.795714245000001,185.90905727914998,187.68998268605347,0.5992181498843834,0.1398220576302227,0.14865773660757423,1.3447003499999999,7.217099070297993,4.556341941376997,40.714455917889474,69.16671746088818,267.08203009672076,-6.795714245000001,19.325327977583953,0.0,91.04261115146814,0.0,18.59582618407539,305.98272508754474,26.50565957611897,8.99860785713121,238.51388610601387,5690.002123619991,24.910655408823473,0.8728783150124363,19.476801873350027,14.815352694049711,91.04261115146814,50.32815523357867,424.5426927270022,5.439715074087581,694.2971391349506,7.318751748962516,69.3065395185184,267.23139845786227,0.21586085319170162,0.43293721192949913,0.002071530825330839,0.030570174127611153,0.015909351808703894,2.7841435426772367,0.043009171706720396,0.0,0.8496655965178195,0.021982357679347052,0.04989112989823918,0.3699283156844088,7.674093528771459,0.5853536014967772,1.2222828348301613,0.028093773650779003,0.29561726447865044,0.0,3.762048536248562,0.0,0.043419429181395575,2.423388787646304,0.2128480531507714,0.004742732828907844,6.436567836729007,40.86392941174473,1.4099178236515666,0.010663386034887444,1.3721806007910955,1.8125902592909373,2.024661995541013,1.116887087884123,1.4381403701276363,0.3254524825660996,3.5105010816299047,0.9450558770542969,1.3582935449282925,1.2003917584790307
78,CC(C)P(C(C)C)C(C)(C)C,3.9444376534004415,4.858068033157368,0.8612,5.408664735186,6.8854,146.656235,188.87043971134705,0.6515036454234159,0.45458079057492495,0.18140762614256378,1.2412,6.524062366870078,6.865335529452073,30.27371672778218,68.76991447159122,222.9503035153456,-6.8044,19.372135229116033,0.0,68.45090268733654,0.0,17.289438034843272,273.5045559033017,25.728525298857978,11.398413927693964,283.13705572253417,4701.138535740673,27.644887607990604,0.9201100262665105,19.780092348862762,15.094413430628919,68.45090268733654,48.909431901831596,379.1812649001449,8.85997487493469,603.5878447984222,11.83481180637276,69.2128393444591,219.33107597434753,3.078352100290142,4.838906321040449,0.7549,5.071235965948,6.8044,146.609426,177.2157012935994,0.6075244851032755,0.0,0.0,1.1813,6.444906004299995,2.0048178456124894,15.890671390810873,63.39653640864145,216.165184623397,-6.8854,18.136607952168802,0.0,64.37781264605576,0.0,17.05171665576533,261.40422021197026,24.159936072394707,9.598664360163335,246.9594788257088,4462.507747927134,19.582592520237846,0.8492414968897536,18.136607952168802,11.59763811851411,64.37781264605576,30.611772824984705,369.9212665486245,5.019985764353521,592.1865920786831,6.587663249898022,63.39653640864146,217.91000552522829,3.554336523310902,4.853510333264058,0.823331095,5.338882398894241,6.876486091,146.63713254639998,181.29612999038002,0.6284797647948341,0.0033853447388354162,0.0006831193515809914,1.224316663,6.497124590785912,4.329572565611037,20.42659146902985,65.8177980476832,217.17498564476682,-6.876486091,18.77856985859814,0.0,65.30916983197469,0.0,17.14279524043951,265.9360899022894,24.957202487165347,10.803424719555306,269.54165461813574,4558.884542691678,22.069984462466515,0.9001403979306549,18.77940605413444,13.723094246157853,65.30916983197469,42.15508752387156,374.49348439438756,7.391883138140715,596.6348070692299,9.595782629967575,65.82118339242201,218.55566391649288,0.21586085319170162,0.43293721192949913,0.002071530825330839,0.030570174127611153,0.015909351808703894,2.7841435426772367,0.043009171706720396,0.0,0.8496655965178195,0.021982357679347052,0.04989112989823918,0.3699283156844088,7.674093528771459,0.5853536014967772,1.2222828348301613,0.028093773650779003,0.29561726447865044,0.0,3.762048536248562,0.0,0.043419429181395575,2.423388787646304,0.2128480531507714,0.004742732828907844,6.436567836729007,40.86392941174473,1.4099178236515666,0.010663386034887444,1.3721806007910955,1.8125902592909373,2.024661995541013,1.116887087884123,1.4381403701276363,0.3254524825660996,3.5105010816299047,0.9450558770542969,1.3582935449282925,1.2003917584790307
87,CCP(C(C)(C)C)C(C)(C)C,3.7654894113319894,4.857967110615214,0.8692,5.397170408016,6.8607,146.620452,182.62059977973118,0.6474974903426267,0.023311835414098717,0.0,1.2456,6.514703689702958,6.294195561806655,29.79562652108813,69.32939852152958,217.08974446429306,-6.79,18.999145862490455,0.0,67.49953027298794,0.0,17.281127982795972,270.6040455411103,25.11656434156653,10.998469579353827,273.9059693859227,4676.343143658277,28.042337899378897,0.8972949427741326,19.0108017801975,16.341596625283202,67.49953027298794,44.958803886432456,373.75131088187715,8.699975328660477,598.1536959017743,11.693532643552839,69.32939852152958,218.0752329958424,3.4782975287637403,4.841898977593591,0.7612,5.277842001719,6.79,146.582321,173.56262381365093,0.6038890626596909,0.0,0.0,1.1839,6.4532408171463445,1.4453337956741201,22.350204517425006,64.51550450851819,215.53645297270032,-6.8607,18.19488754070405,0.0,67.24187531010746,0.0,17.123032691897663,259.9035828949581,23.927696251367376,8.898761750568092,223.50632206841468,4452.216164689942,22.157182618765077,0.8454696395615725,18.19488754070405,12.7049503006838,67.24187531010746,37.37694683277603,366.8212841588593,6.109982673346612,588.5938390872216,7.799670654405028,64.5155045085182,217.6128576101847,3.5995527645928123,4.856154859959765,0.8641311226887732,5.345903566136778,6.859693752062481,146.58954732659674,182.15832881076702,0.6236009697404303,6.993480689422722e-07,0.0,1.2437429475705246,6.472549176569865,2.7985614691823493,25.861181132678784,67.58674062420103,216.86161707292197,-6.859693752062481,18.483649407392416,0.0,67.24412133617798,0.0,17.150367489628945,266.4920642958446,25.071018310572786,9.996256059400856,250.59952162271406,4570.448699691643,22.361126981350505,0.8956651350240149,18.48365045641452,15.475810359739324,67.24412133617798,40.376883762904235,373.22221617758913,6.63506013354551,595.681194934205,8.532899982047486,67.58674132354909,217.79632494368187,0.21586085319170162,0.43293721192949913,0.002071530825330839,0.030570174127611153,0.015909351808703894,2.7841435426772367,0.043009171706720396,0.0,0.8496655965178195,0.021982357679347052,0.04989112989823918,0.3699283156844088,7.674093528771459,0.5853536014967772,1.2222828348301613,0.028093773650779003,0.29561726447865044,0.0,3.762048536248562,0.0,0.043419429181395575,2.423388787646304,0.2128480531507714,0.004742732828907844,6.436567836729007,40.86392941174473,1.4099178236515666,0.010663386034887444,1.3721806007910955,1.8125902592909373,2.024661995541013,1.116887087884123,1.4381403701276363,0.3254524825660996,3.5105010816299047,0.9450558770542969,1.3582935449282925,1.2003917584790307
88,CCCCP(C(C)(C)C)C(C)(C)C,4.013457834437716,7.365452919379663,0.9835,5.399809436954,6.879,169.974432,224.1532480534753,0.6625994265014119,14.674800393175142,19.75192980538592,1.2999,8.26602280067287,17.600435737644528,41.834533509189534,74.4346904772172,254.0377656619477,-6.7275,21.714974688232957,0.0,83.52723172664679,0.0,17.735205186499105,320.80628916790454,30.135405877811884,10.69851131809872,273.86266145848634,5636.092785066588,28.157338329660693,0.9022102618732476,35.876914702297924,16.294972954455,83.52723172664679,53.220811179739485,433.43131373846063,8.709975300302622,699.2101844734859,12.279072625509869,88.82974884542317,254.22296908990367,3.660890582458004,5.1689221462026875,0.8321,5.257317527131,6.7275,169.917203,173.92648481172046,0.5876299856202031,0.0,0.0,1.2163,6.463262843661523,1.4803015487952678,19.55804025078723,64.5621281793464,228.76256061105633,-6.879,18.19488754070405,0.0,66.84479693788963,0.0,17.358768134257332,299.60508413218474,24.41070779888193,5.299262615506842,152.3869282413674,5252.064289596231,21.513040848015326,0.8444941588619048,18.19488754070405,12.7049503006838,71.135719505287,39.83325987915533,410.83134921736877,0.8999974477924627,674.5548289037505,1.0703155472504218,64.56212817934639,252.25263069337075,3.922013061519292,6.42588880014912,0.9531074030740307,5.322174008067731,6.82060343703437,169.93096874298743,195.84539940960065,0.6056312071647915,3.1203648994317486,10.570860704368265,1.2875833478334784,6.472389311699333,7.173104605377544,29.503378725266423,70.81945733661009,240.07878281208832,-6.82060343703437,19.805776536931305,0.0,72.17970242191947,0.0,17.48986814728347,310.9307980756293,26.830969410126773,8.374873409237416,224.01653808974592,5437.999092136408,22.19580863678256,0.896966509331601,22.910169638847815,15.647222885664752,78.09611062540037,48.34673501023694,424.6804890269096,4.540158626759542,688.9534741508635,5.559312077684318,73.93982223604182,253.16922200032997,0.21586085319170162,0.43293721192949913,0.002071530825330839,0.030570174127611153,0.015909351808703894,2.7841435426772367,0.043009171706720396,0.0,0.8496655965178195,0.021982357679347052,0.04989112989823918,0.3699283156844088,7.674093528771459,0.5853536014967772,1.2222828348301613,0.028093773650779003,0.29561726447865044,0.0,3.762048536248562,0.0,0.043419429181395575,2.423388787646304,0.2128480531507714,0.004742732828907844,6.436567836729007,40.86392941174473,1.4099178236515666,0.010663386034887444,1.3721806007910955,1.8125902592909373,2.024661995541013,1.116887087884123,1.4381403701276363,0.3254524825660996,3.5105010816299047,0.9450558770542969,1.3582935449282925,1.2003917584790307
110,C[Si](C)(C)P([Si](C)(C)C)[Si](C)(C)C,4.544146391968095,5.42867951883566,0.518,4.263789972984,6.083,214.277441,187.57407084268198,0.8202463044720164,1.0024089228062447,1.0645981082504345,0.9787,7.0020860565345195,5.175227461929913,16.978426084405072,68.23374225706695,313.0019734626354,-6.0194,18.789339343763565,0.0,85.40326105022083,0.0,20.36287403283188,375.009157456783,30.601110698924263,16.0977600206906,490.366175357345,7581.274133525918,28.334577797100224,0.8838933724449672,19.78009234886276,15.315875867062855,85.40326105022083,68.84560701296863,468.1615504726573,11.169968324268678,799.9802389342111,15.181782097297086,69.23615117987319,312.55899569042896,4.326590069869862,5.4160925793360235,0.4843,4.10639713623,6.0194,214.238706,181.17009131593554,0.7912458530697017,0.0,0.0,0.9563,6.954936722606243,1.1772476884119865,14.356998082084331,65.50625751361738,308.9895762795396,-6.083,17.2157904533119,0.0,83.26837840679237,0.0,19.82850211365981,360.00816684486705,29.517578662566635,13.898066104819835,418.63607347062964,7138.42269721824,24.089723203590257,0.8438794745877889,17.2157904533119,14.604864886932846,83.26837840679237,67.85486153268472,462.97163075890074,8.999974477924628,792.1031386442803,12.077618503647853,65.50625751361738,311.5218143302886,4.516524150586589,5.428314843614104,0.5015996960000001,4.263756524873183,6.049298520999999,214.24964975057998,185.9800704412079,0.8169984373687348,0.00011644261789342312,0.00012187245039199051,0.966899715,6.997105591223454,1.1778377109663176,14.35785068675731,65.50665276578685,311.09033287379793,-6.049298520999999,17.216048865007465,0.0,83.26897441229744,0.0,20.099468305356943,365.70551800222455,30.461293947628285,16.097029122394016,490.3368438327821,7350.487381477047,24.10882520440258,0.8837591172417398,17.216168105045607,15.315755111755413,83.26897441229744,68.36959960258037,463.6519144850445,10.819888517022973,792.4577010697128,14.703363985028831,65.50676920840473,311.7310311992608,0.21586085319170162,0.43293721192949913,0.002071530825330839,0.030570174127611153,0.015909351808703894,2.7841435426772367,0.043009171706720396,0.0,0.8496655965178195,0.021982357679347052,0.04989112989823918,0.3699283156844088,7.674093528771459,0.5853536014967772,1.2222828348301613,0.028093773650779003,0.29561726447865044,0.0,3.762048536248562,0.0,0.043419429181395575,2.423388787646304,0.2128480531507714,0.004742732828907844,6.436567836729007,40.86392941174473,1.4099178236515666,0.010663386034887444,1.3721806007910955,1.8125902592909373,2.024661995541013,1.116887087884123,1.4381403701276363,0.3254524825660996,3.5105010816299047,0.9450558770542969,1.3582935449282925,1.2003917584790307
254,CC(C)(C)P([Si](C)(C)C)[Si](C)(C)C,4.272594740558881,5.456258242481331,0.8201,3.972044662445,6.1668,199.55778,187.0432331334785,0.7183383603845752,1.853290915420848,3.4936397995472093,1.1337,7.011087857077783,6.072733125372716,32.021767353962936,69.80729114751861,294.5937922999836,-6.0995,19.208952381217344,0.0,87.82650671098331,0.0,19.305995053137654,345.705898199488,29.348109345122143,12.698233059799417,364.5132497673002,6672.315874600338,28.761471653833727,0.8745093316727609,20.992307790395895,16.026886847192866,87.82650671098331,62.574021492469825,445.9115535008373,8.679975385376204,753.47355696391,11.584551036147172,71.53236696816191,291.73919901349575,4.199839792630662,5.396061211121809,0.7488,3.84796539431,6.0995,199.53466,181.62083207461265,0.6650488703847259,0.0,0.0,1.0991,6.854600834214226,2.5643018955508605,23.64128151461901,67.90737656126956,285.68199980469274,-6.1668,18.34641447089569,0.0,85.81146206066775,0.0,19.15351361473344,338.4050472087618,28.267421846037863,11.198441753523895,323.67788577994804,6481.645679007532,25.126253893525796,0.8396701931006167,18.486285483380282,14.919574665023179,85.81146206066775,55.804739357020374,441.9415713425557,6.919980376359825,747.6835232984268,9.165809166802712,68.05890349146121,291.0517465783797,4.208965554900756,5.404556505130496,0.7488025509744903,3.972041781116508,6.12960042099579,199.53466073133268,186.98730720872274,0.7182660308132616,0.1515721547000999,7.206470911535364e-05,1.0991014049859498,7.011081981610773,2.5644218337446834,28.484481810806255,67.90742761367859,289.1416990743021,-6.12960042099579,18.346448272719023,0.0,85.81155028370063,0.0,19.15352124153263,338.4053373001527,28.705826180973432,12.698188066510161,364.5119831479091,6481.653854063427,25.12636797252157,0.8745082489449391,18.486364160038036,15.409110853570034,85.81155028370063,56.90170858771867,441.9416975411472,8.429946694700098,747.6837311163582,11.287598781880392,68.0589997683787,291.0517577382242,0.21586085319170162,0.43293721192949913,0.002071530825330839,0.030570174127611153,0.015909351808703894,2.7841435426772367,0.043009171706720396,0.0,0.8496655965178195,0.021982357679347052,0.04989112989823918,0.3699283156844088,7.674093528771459,0.5853536014967772,1.2222828348301613,0.028093773650779003,0.29561726447865044,0.0,3.762048536248562,0.0,0.043419429181395575,2.423388787646304,0.2128480531507714,0.004742732828907844,6.436567836729007,40.86392941174473,1.4099178236515666,0.010663386034887444,1.3721806007910955,1.8125902592909373,2.024661995541013,1.116887087884123,1.4381403701276363,0.3254524825660996,3.5105010816299047,0.9450558770542969,1.3582935449282925,1.2003917584790307
274,CC(C)CP(C(C)(C)C)C(C)(C)C,3.9984024367786244,6.08334190998707,0.8963,5.322321397322,6.8359,169.925794,199.63335457324348,0.6215673736611341,6.585593504482887,7.325495736470214,1.2552,6.485011847303577,10.292175335324584,32.78735192110031,75.4953789885587,248.4212326681654,-6.77,21.575103675748363,0.0,76.00372807894088,0.0,17.729564352370886,309.5055350096776,27.631007487630754,8.498817402227955,228.15143399336958,5483.183515504137,22.504454469599068,0.9000761122434066,26.936825820991068,16.85445700439337,80.27535638769561,55.03731119140891,418.3914413770964,4.249987947908854,684.6983542524846,5.440143845040462,79.97125138806565,252.74861367684463,3.8065299149300293,5.082621292564145,0.8524,5.268044844318,6.77,169.885519,193.72970058672394,0.5686976349520015,2.7391406611565996,4.2299538862302954,1.2276,6.4357927252105736,6.177636384736161,11.457072452037018,70.9146033296883,242.41313978089119,-6.8359,19.721812760327513,0.0,67.15624639465922,0.0,17.567243892876157,295.7045973486622,26.845080108858433,5.899179138017053,161.55858059316517,5210.589142976171,21.798459324192265,0.894097125326819,23.06706114225068,14.837983241073834,67.3502406493252,44.39774877041724,404.451364357185,2.5799926836717226,668.033578212705,3.1978791102379565,73.65374399084489,251.92288499075966,3.9743373093096226,6.067580719539301,0.859992547,5.321202214802493,6.834650612999999,169.89329825472998,197.14937746942286,0.6086862392123943,3.259335176806401,5.133624677823742,1.2387461929999997,6.468193279188348,7.775665966029585,24.89559450348819,72.19025155753415,247.58836319126144,-6.834650612999999,20.29841224326773,0.0,71.84269772639472,0.0,17.593181408203993,306.90822101689304,26.952061429506156,7.43372760788507,200.3494487457947,5399.491576154957,22.20081794174711,0.896939985354621,23.556298939180685,15.775935405196801,76.46081318211517,51.21582212436396,416.3660644310557,3.755980848811315,682.0205034060364,4.715760953537302,75.44958673434056,252.74111091309354,0.21586085319170162,0.43293721192949913,0.002071530825330839,0.030570174127611153,0.015909351808703894,2.7841435426772367,0.043009171706720396,0.0,0.8496655965178195,0.021982357679347052,0.04989112989823918,0.3699283156844088,7.674093528771459,0.5853536014967772,1.2222828348301613,0.028093773650779003,0.29561726447865044,0.0,3.762048536248562,0.0,0.043419429181395575,2.423388787646304,0.2128480531507714,0.004742732828907844,6.436567836729007,40.86392941174473,1.4099178236515666,0.010663386034887444,1.3721806007910955,1.8125902592909373,2.024661995541013,1.116887087884123,1.4381403701276363,0.3254524825660996,3.5105010816299047,0.9450558770542969,1.3582935449282925,1.2003917584790307
297,CC(C)(C)P(N[Si](C)(C)C)C(C)(C)C,4.008424356535311,6.396251942113654,1.1577,5.152431516034,6.5489,194.155263,204.7493693222213,0.625884174588238,7.518066921046836,11.614849631732568,1.3766,8.157544116829655,12.192089921573627,49.28799259424784,72.69795873886684,284.38275261998785,-6.4698,21.07389921434524,0.0,102.6219157563171,0.0,18.72203412187744,347.50839612635633,28.690422351356084,10.598525231013683,270.6172082299143,6494.478502788176,25.89056713170735,0.9063467784488167,28.16069718023125,16.469811720060743,104.96881500364198,55.31363707972396,450.50158992073716,8.489975924175562,754.6285974248898,12.031493604188427,79.60991793914712,285.4805273971094,3.9206270685539897,6.024013420670219,1.0374,4.765654414362,6.4698,193.599823,174.82109310910616,0.5364447781458964,0.0,0.0,1.2994,6.473063074122347,6.457378409705344,36.921457276666075,62.80208460558194,273.627621698863,-6.5489,18.53290915420848,0.0,90.520460987025,0.0,18.5828966801408,331.90548448215776,25.530184955991714,7.398970444292569,209.7198997449939,6167.765325704013,20.9875603661972,0.8662934450410277,18.53290915420848,11.854068308069197,97.75063910237586,52.05556133881192,439.5814754462026,3.049991350852241,738.7087464746406,3.892271238882994,62.802084605581946,283.567580253254,3.994341258183353,6.393499581334759,1.1576961400385997,5.097683212709264,6.5446941410585895,193.6074764303757,202.82161054155864,0.6258767036272118,7.517489725773936,11.6142718025884,1.3765970710292896,6.502650714081532,12.191716819378847,49.28477634312588,72.0919039354375,273.6281158779458,-6.5446941410585895,20.770977297630964,0.0,93.62245046100497,0.0,18.717733736955104,345.5088758220503,28.344552798087907,7.399217407458037,209.727455324673,6467.143140203357,20.987770318711505,0.9063449159506695,28.160348088986833,15.595744474032518,104.96744805200225,53.225556402691936,449.58190691185933,3.2701182253427383,753.4408686454457,4.181172116068335,79.60939366121144,285.2423876805342,0.21586085319170162,0.43293721192949913,0.002071530825330839,0.030570174127611153,0.015909351808703894,2.7841435426772367,0.043009171706720396,0.0,0.8496655965178195,0.021982357679347052,0.04989112989823918,0.3699283156844088,7.674093528771459,0.5853536014967772,1.2222828348301613,0.028093773650779003,0.29561726447865044,0.0,3.762048536248562,0.0,0.043419429181395575,2.423388787646304,0.2128480531507714,0.004742732828907844,6.436567836729007,40.86392941174473,1.4099178236515666,0.010663386034887444,1.3721806007910955,1.8125902592909373,2.024661995541013,1.116887087884123,1.4381403701276363,0.3254524825660996,3.5105010816299047,0.9450558770542969,1.3582935449282925,1.2003917584790307
357,CC(C)=CCP(C(C)(C)C)C(C)(C)C,3.9732718654444033,7.042791816210563,1.0811,4.492062472928,6.5999,180.731881,213.9639766190188,0.7887623216153266,9.651099861436869,19.51160700099545,1.3236,8.624113784132241,14.464993874448254,65.62838097247061,73.72367949708719,267.8809590440891,-6.4465,21.376953074728522,0.0,103.8293489689263,0.0,17.998737920144222,327.69430126881866,28.680558215824735,10.79849740518375,270.9163182842218,5886.014220637848,26.704302553190665,0.9003141653132093,29.827493412339308,16.085166435728112,103.8293489689263,52.69932890691802,441.95177033890985,8.959974591356081,722.0790799171781,12.868395057129453,83.11834916896898,268.26905982430833,3.4897813605741814,5.870674392898389,0.9668,4.174806872546,6.4465,180.702049,174.75405975769058,0.39898370894060325,0.0,0.0,1.2665,6.464254701958859,2.540990060136764,30.526036880006487,63.89774087004458,242.6296544158721,-6.5999,18.299790800067495,0.0,69.41929863119961,0.0,17.798249305461816,314.9985637077409,24.69189117509782,7.298984357207539,204.48383307735025,5650.385222903997,21.7461589542289,0.8583922730888176,18.56787690732963,12.483487864249863,84.87294304479991,38.20096799645569,427.63167857007363,2.609992598598139,706.5998826109042,3.128821218911151,63.897740870044586,266.4049223361503,3.8694372304264744,6.597434298591463,1.042711407,4.368258702349438,6.487248354,180.71283009529003,200.29369974323708,0.5145575110704621,5.720464716773312,12.370561205748487,1.3019802020000002,6.520006391737101,10.54881871161453,43.29679323071596,71.59044024695375,251.8518702701715,-6.487248354,20.605376197805032,0.0,80.7303989968047,0.0,17.9002828275604,319.6545209553766,27.643073623291038,7.9187751142476355,217.89376547155032,5721.987939828368,21.847880002559524,0.899461652855327,26.205513262753982,15.360537963500136,91.77990980458549,47.63466873621202,434.06034214580296,3.892771060902429,712.7489286531154,4.7969421595963535,77.31090496372707,267.00119659496715,0.21586085319170162,0.43293721192949913,0.002071530825330839,0.030570174127611153,0.015909351808703894,2.7841435426772367,0.043009171706720396,0.0,0.8496655965178195,0.021982357679347052,0.04989112989823918,0.3699283156844088,7.674093528771459,0.5853536014967772,1.2222828348301613,0.028093773650779003,0.29561726447865044,0.0,3.762048536248562,0.0,0.043419429181395575,2.423388787646304,0.2128480531507714,0.004742732828907844,6.436567836729007,40.86392941174473,1.4099178236515666,0.010663386034887444,1.3721806007910955,1.8125902592909373,2.024661995541013,1.116887087884123,1.4381403701276363,0.3254524825660996,3.5105010816299047,0.9450558770542969,1.3582935449282925,1.2003917584790307
424,CC(C)N(C(C)C)P(N(C(C)C)C(C)C)C(C)(C)C,4.3770852521971335,5.729803205829034,1.5142,5.428734397568,6.4199,235.43834,235.25729486054712,0.6468802052930666,16.621338650252383,22.3679974242648,1.5873,7.633277342885868,11.306240175837878,49.8599774971035,83.6428654657862,341.3649640131791,-6.1296,22.297770573585424,0.12821509477754295,108.46153931314049,0.12404575358889218,19.091023974411556,386.3055667819448,35.928219694438944,6.699067834697327,205.6862763556055,7374.968836882752,28.570123868655035,0.9129547478576692,30.876526005973748,18.70774791981422,114.31621484698657,66.23226857774222,493.15198384154814,3.2599907553371414,872.3995195664861,4.3288634091960585,98.70231114329397,350.2068728802817,4.01586575070073,5.128677921257042,1.4188,4.805353198657,6.1296,235.209452,197.06354726218058,0.4924814717326937,3.2403451225597215,4.434968818821057,1.5248,7.223656871216905,5.851270688938776,35.148194131218105,75.62359408333623,327.8388754560169,-6.4199,20.770845353961956,0.0,96.51331928929098,0.0,18.78367516388204,375.4050727641414,29.153363667578283,2.3996660900408338,85.54726693608316,7068.269077261579,20.627492676919406,0.8410192762451301,22.460953421484113,16.53974722630304,101.6926866711078,63.09793999221648,484.65191688903906,0.0,861.6030688066019,0.0,80.35589667239827,347.10728092563454,4.165186050443723,5.137987803086387,1.44829927699277,5.425531979638279,6.418173876738769,235.43695431113315,228.7184349082841,0.6464173588023978,14.948440017963977,22.162073703992196,1.5564762247622477,7.246307845545231,10.211682259484261,42.83915699615453,83.58529316541029,327.9249016027991,-6.418173876738769,22.296836808680265,0.04572708867234964,98.79745440924945,0.05173529912164776,19.03727702693215,378.91545647860534,35.864567364658264,3.8996023775924438,139.85665431496582,7213.517412393627,27.65995469300721,0.849190476943887,28.759476052891863,18.462277549599733,108.5407951607737,65.69248974021596,487.42222491224095,0.12410278910144029,866.5634346936473,0.16424643905666972,98.53373318337427,350.19911356660856,0.21586085319170162,0.43293721192949913,0.002071530825330839,0.030570174127611153,0.015909351808703894,2.7841435426772367,0.043009171706720396,0.0,0.8496655965178195,0.021982357679347052,0.04989112989823918,0.3699283156844088,7.674093528771459,0.5853536014967772,1.2222828348301613,0.028093773650779003,0.29561726447865044,0.0,3.762048536248562,0.0,0.043419429181395575,2.423388787646304,0.2128480531507714,0.004742732828907844,6.436567836729007,40.86392941174473,1.4099178236515666,0.010663386034887444,1.3721806007910955,1.8125902592909373,2.024661995541013,1.116887087884123,1.4381403701276363,0.3254524825660996,3.5105010816299047,0.9450558770542969,1.3582935449282925,1.2003917584790307
491,CC(C)P(C(C)(C)C)C(C)(C)C,3.994060741252797,4.862925073414113,0.8639,5.243848925547,6.8218,158.261705,189.01883479618405,0.6240424665036828,0.36133344891853014,0.045274811181766905,1.2393,6.512649347524436,5.501593157727298,20.678532474906916,71.15937760153633,234.40997856738528,-6.7838,19.383791146823082,0.0,67.94974343702611,0.0,17.528925194403392,279.5048918087112,26.6429611420231,10.398553056843614,269.40982542462143,4888.5575039014475,28.762229244924264,0.8889005171853689,19.74512459574161,16.72624190961583,67.94974343702611,51.96913300159353,386.27135762655115,7.33997918532964,629.7190324227685,9.428113549013295,71.52071105045486,235.15754992818233,3.604019343145092,4.848998243467779,0.781,5.067792919611,6.7838,158.223381,180.33346826853978,0.5913425403266706,0.0,0.0,1.193,6.448050495927053,2.086409269561834,12.930382132085782,67.88406472585547,232.7533296035865,-6.8218,18.52125323650143,0.0,66.63441769358586,0.0,17.339776883596862,272.6042709854784,25.226041206994093,8.498817402227955,218.59024176312434,4726.897236403774,23.4140265673094,0.8388243771414162,18.52125323650143,13.800606565146442,66.63441769358586,43.2660284231745,383.00138493763984,4.6999866718050844,624.8927941598274,6.135982226809161,67.88406472585547,233.78948631573033,3.6232563203552837,4.853062992569643,0.7972635886358863,5.231256369408569,6.814931199311993,158.251969198342,188.941713743834,0.6072960069455735,0.0005981876786025592,4.527526393440625e-07,1.20369748297483,6.511808142636993,2.133021167795422,15.720562938680569,70.62257701020471,234.08417607887665,-6.814931199311993,18.95234676834654,0.0,67.0807712343562,0.0,17.36040989908153,275.66692971967177,26.105487725066286,8.70509876158494,227.24774714547448,4785.691718739521,27.213128268996353,0.8526261230660765,18.952863480345613,16.32372734194957,67.0807712343562,45.344073204565696,385.85104899329315,4.728194473892384,628.2383455332698,6.173546968518722,70.62317519788333,235.08251609167368,0.21586085319170162,0.43293721192949913,0.002071530825330839,0.030570174127611153,0.015909351808703894,2.7841435426772367,0.043009171706720396,0.0,0.8496655965178195,0.021982357679347052,0.04989112989823918,0.3699283156844088,7.674093528771459,0.5853536014967772,1.2222828348301613,0.028093773650779003,0.29561726447865044,0.0,3.762048536248562,0.0,0.043419429181395575,2.423388787646304,0.2128480531507714,0.004742732828907844,6.436567836729007,40.86392941174473,1.4099178236515666,0.010663386034887444,1.3721806007910955,1.8125902592909373,2.024661995541013,1.116887087884123,1.4381403701276363,0.3254524825660996,3.5105010816299047,0.9450558770542969,1.3582935449282925,1.2003917584790307
532,CN(C)c1ccccc1P(C(C)(C)C)C(C)(C)C,3.8851284494678877,6.370181642382617,1.2999,3.018098176909,6.2284,218.75365,238.7681360874967,0.32120709830263716,17.34400554808944,26.86568488457006,1.4334,7.483455139128505,17.88017776261372,75.36892305111462,77.68669151748396,281.7873485782102,-6.1804,22.414329750655916,0.1398710124845923,106.69644060422988,0.0,19.361102272338318,358.88264861061566,33.16422235231298,5.6992069638469784,176.37267443644808,6940.423568856419,25.487492854069284,0.8846331741099921,36.78607628344778,18.066672445926503,129.42126047167037,54.20396388053576,469.8621644525019,1.1399967672037794,799.149193148275,1.4595882790730115,94.72764320519013,314.08489163321786,3.836231420624997,6.259408899974288,1.2889,2.945769909574,6.1804,218.72334,228.9941593364167,0.2308029462550251,16.3415966252832,24.2452303782172,1.4289,7.117267246758772,14.278499191135467,68.11003647510361,76.47447607595085,279.93175459807145,-6.2284,21.93643712466689,0.0,106.0649560919423,0.0,19.249489540458974,353.1817083152924,30.946880075644085,4.7993321800816675,159.16611956283944,6799.007227527868,23.61099459793079,0.8674687581473325,33.440827901524614,15.852048081587128,127.83295982759631,52.0690799894655,466.3422272923486,0.4299987806119585,794.2833017622089,0.5508215529661116,92.81607270123403,313.2282292678933,3.884706118333263,6.272213947060348,1.288966953669537,3.0178178733131165,6.216005760057601,218.75315503275033,231.18276825912312,0.2526308028237787,16.3415966252832,25.344060351993477,1.4289636876368765,7.378099313193841,16.900935324474254,75.28306105440241,76.49427175206785,281.5558278286292,-6.216005760057601,22.411284262022534,0.0,106.57622563439503,0.0,19.25071397602087,353.22577147405696,31.152628162013393,5.600853665891937,174.48097570014218,6799.848241653884,23.62482768953726,0.8845153700502446,35.11452147535005,16.848130691794744,129.0695450218174,53.61536061622982,466.39970844098536,1.138690357844357,794.3490139748496,1.457934669966009,92.83586837735103,313.4671482886677,0.21586085319170162,0.43293721192949913,0.002071530825330839,0.030570174127611153,0.015909351808703894,2.7841435426772367,0.043009171706720396,0.0,0.8496655965178195,0.021982357679347052,0.04989112989823918,0.3699283156844088,7.674093528771459,0.5853536014967772,1.2222828348301613,0.028093773650779003,0.29561726447865044,0.0,3.762048536248562,0.0,0.043419429181395575,2.423388787646304,0.2128480531507714,0.004742732828907844,6.436567836729007,40.86392941174473,1.4099178236515666,0.010663386034887444,1.3721806007910955,1.8125902592909373,2.024661995541013,1.116887087884123,1.4381403701276363,0.3254524825660996,3.5105010816299047,0.9450558770542969,1.3582935449282925,1.2003917584790307
548,CC(C)(C)CP(CC(C)(C)C)CC(C)(C)C,4.408915428337485,6.148423845666866,0.9715,5.586398055203,6.8746,204.856421,220.41698750779696,0.5803111234501713,10.397078594688027,13.036158908175334,1.3029,5.9059881267830106,10.047401063476542,58.35869349570996,82.04600473992043,287.23605488100867,-6.8418,21.749942441354104,1.503613384209367,91.18872494033975,1.6759275673496246,18.032423618221756,372.5083962703359,30.424985731887574,6.799053921782364,196.92780560505634,6717.229202891114,12.458048110886457,0.9735083394763876,25.165126329519566,21.458544498677867,94.270117024676,60.47576351677894,487.10159956498825,1.8899946403641745,817.9571854951565,2.21853765332145,91.82531969613486,305.7178986995352,4.071397826500135,6.100310764808459,0.9561,5.383308488639,6.8418,204.809152,208.31452932497152,0.565,9.138239482326696,10.786829709708863,1.2914,5.574736468926809,3.2753128756808714,18.8586524332609,76.27632547493101,286.1285303245525,-6.8746,21.575103675748363,0.12821509477754295,85.54644767189667,0.0,17.902105484107718,363.8076390251368,28.710856390424112,3.8994573963163566,118.64093564502862,6538.863900492593,11.050077658797774,0.9649210199110284,24.733857374358738,14.080348590115626,89.91523995816833,35.75504157468795,483.6015204193768,0.12999963134779477,814.2612132997283,0.1451213545319506,86.67340406961902,304.50983852809685,4.40891534820462,6.10031076932978,0.956100091,5.586397761306481,6.8418000370000005,204.82068988462004,220.41697493478338,0.5650001309428296,9.779308545459672,12.797221803603879,1.291400055,5.574739781443388,3.275348309670701,18.858707513574394,82.04598772228059,286.12854139979805,-6.8418000370000005,21.575105307576845,1.503599630226473,85.54650409466936,1.675910808073951,17.90210678728906,366.5086404065001,30.4249850401279,3.899460395898969,118.64102400230041,6561.2768268400605,11.452684329709326,0.9716570325436695,24.73386168704829,21.458502653933298,89.9152797623476,60.47572647432191,483.60154791973844,0.13000123134325753,814.5643118350873,0.1451231907616671,91.82529626774027,304.5098393371753,0.21586085319170162,0.43293721192949913,0.002071530825330839,0.030570174127611153,0.015909351808703894,2.7841435426772367,0.043009171706720396,0.0,0.8496655965178195,0.021982357679347052,0.04989112989823918,0.3699283156844088,7.674093528771459,0.5853536014967772,1.2222828348301613,0.028093773650779003,0.29561726447865044,0.0,3.762048536248562,0.0,0.043419429181395575,2.423388787646304,0.2128480531507714,0.004742732828907844,6.436567836729007,40.86392941174473,1.4099178236515666,0.010663386034887444,1.3721806007910955,1.8125902592909373,2.024661995541013,1.116887087884123,1.4381403701276363,0.3254524825660996,3.5105010816299047,0.9450558770542969,1.3582935449282925,1.2003917584790307
775,Cc1ccc(P(C(C)(C)C)C(C)(C)C)cc1,3.877926242848293,7.468694426760395,1.1746,3.407914157879,6.7068,197.445647,187.64711523690553,0.6954667497443713,0.16318284789869103,0.15414990190991934,1.4035,7.2246027130025805,4.592431576577448,58.24810960169485,69.11959200280269,284.20103582125466,-6.7068,19.325511558287836,0.0,108.39821102305528,0.0,18.592209141618913,330.7813679773674,26.32563243725119,8.898761750568092,234.26553099212555,6149.956373586019,24.887884756918858,0.8731898894432497,19.47703848847948,14.814671405659734,108.39821102305528,50.15010142136043,453.5720650692383,5.429984601681193,743.766345463336,7.4458600242851,69.28277485070139,284.35518572316454,3.877926242848293,7.468694426760395,1.1746,3.407914157879,6.7068,197.445647,187.64711523690553,0.6954667497443713,0.16318284789869103,0.15414990190991934,1.4035,7.2246027130025805,4.592431576577448,58.24810960169485,69.11959200280269,284.20103582125466,-6.7068,19.325511558287836,0.0,108.39821102305528,0.0,18.592209141618913,330.7813679773674,26.32563243725119,8.898761750568092,234.26553099212555,6149.956373586019,24.887884756918858,0.8731898894432497,19.47703848847948,14.814671405659734,108.39821102305528,50.15010142136043,453.5720650692383,5.429984601681193,743.766345463336,7.4458600242851,69.28277485070139,284.35518572316454,3.877926242848293,7.468694426760395,1.1746,3.407914157879,6.7068,197.445647,187.64711523690553,0.6954667497443713,0.16318284789869103,0.15414990190991934,1.4035,7.2246027130025805,4.592431576577448,58.24810960169485,69.11959200280269,284.20103582125466,-6.7068,19.325511558287836,0.0,108.39821102305528,0.0,18.592209141618913,330.7813679773674,26.32563243725119,8.898761750568092,234.26553099212555,6149.956373586019,24.887884756918858,0.8731898894432497,19.47703848847948,14.814671405659734,108.39821102305528,50.15010142136043,453.5720650692383,5.429984601681193,743.766345463336,7.4458600242851,69.28277485070139,284.35518572316454,0.21586085319170162,0.43293721192949913,0.002071530825330839,0.030570174127611153,0.015909351808703894,2.7841435426772367,0.043009171706720396,0.0,0.8496655965178195,0.021982357679347052,0.04989112989823918,0.3699283156844088,7.674093528771459,0.5853536014967772,1.2222828348301613,0.028093773650779003,0.29561726447865044,0.0,3.762048536248562,0.0,0.043419429181395575,2.423388787646304,0.2128480531507714,0.004742732828907844,6.436567836729007,40.86392941174473,1.4099178236515666,0.010663386034887444,1.3721806007910955,1.8125902592909373,2.024661995541013,1.116887087884123,1.4381403701276363,0.3254524825660996,3.5105010816299047,0.9450558770542969,1.3582935449282925,1.2003917584790307
776,CC(C)(C)P(c1ccc(Cl)cc1)C(C)(C)C,3.8674094942045576,7.677743735552312,1.2529,3.08292348441,6.8127,197.885008,187.580509928387,1.0935017146762962,0.10490325936344422,0.12417070517222084,1.4626,7.19658847446844,4.28937771619416,62.8821146109655,69.08462424968155,288.3864627624829,-6.8127,19.162328710389144,0.0,112.99534170672096,0.0,19.007198865191192,324.09971349843755,26.688087401700173,8.998747837653129,240.15936879714715,6160.227706616292,24.821176407303064,0.8734444944192887,19.278887887459636,14.779703652538586,112.99534170672096,50.11322709575546,450.48172607680607,5.459984516607609,739.1896535990402,7.571962821979844,69.18952750904499,288.5106334676551,3.8674094942045576,7.677743735552312,1.2529,3.08292348441,6.8127,197.885008,187.580509928387,1.0935017146762962,0.10490325936344422,0.12417070517222084,1.4626,7.19658847446844,4.28937771619416,62.8821146109655,69.08462424968155,288.3864627624829,-6.8127,19.162328710389144,0.0,112.99534170672096,0.0,19.007198865191192,324.09971349843755,26.688087401700173,8.998747837653129,240.15936879714715,6160.227706616292,24.821176407303064,0.8734444944192887,19.278887887459636,14.779703652538586,112.99534170672096,50.11322709575546,450.48172607680607,5.459984516607609,739.1896535990402,7.571962821979844,69.18952750904499,288.5106334676551,3.8674094942045576,7.677743735552312,1.2529,3.08292348441,6.8127,197.885008,187.580509928387,1.0935017146762962,0.10490325936344422,0.12417070517222084,1.4626,7.19658847446844,4.28937771619416,62.8821146109655,69.08462424968155,288.3864627624829,-6.8127,19.162328710389144,0.0,112.99534170672096,0.0,19.007198865191192,324.09971349843755,26.688087401700173,8.998747837653129,240.15936879714715,6160.227706616292,24.821176407303064,0.8734444944192887,19.278887887459636,14.779703652538586,112.99534170672096,50.11322709575546,450.48172607680607,5.459984516607609,739.1896535990402,7.571962821979844,69.18952750904499,288.5106334676551,0.21586085319170162,0.43293721192949913,0.002071530825330839,0.030570174127611153,0.015909351808703894,2.7841435426772367,0.043009171706720396,0.0,0.8496655965178195,0.021982357679347052,0.04989112989823918,0.3699283156844088,7.674093528771459,0.5853536014967772,1.2222828348301613,0.028093773650779003,0.29561726447865044,0.0,3.762048536248562,0.0,0.043419429181395575,2.423388787646304,0.2128480531507714,0.004742732828907844,6.436567836729007,40.86392941174473,1.4099178236515666,0.010663386034887444,1.3721806007910955,1.8125902592909373,2.024661995541013,1.116887087884123,1.4381403701276363,0.3254524825660996,3.5105010816299047,0.9450558770542969,1.3582935449282925,1.2003917584790307
835,CC(C)(C)P(c1c(F)c(F)c(F)c(F)c1F)C(C)(C)C,3.7895600184920206,7.294230411841506,1.7797,2.165103995093,7.2431,188.786905,204.28660923429894,2.0046972339981917,6.0261094545445175,7.1755281008434455,1.8622,7.5425080076919215,11.714197295584608,74.28782033814393,72.65133506803865,300.60186618930476,-7.2375,21.45854449867787,0.10490325936344422,122.94035598437696,0.0,18.7992967383558,329.6459142070174,28.876327427295486,7.798914792632713,222.31678614079885,6197.111359764299,27.16001568420791,0.8653908144903646,26.505556865830243,16.038542764899915,129.21226705121765,51.23116019058078,462.4083110280306,3.0799912657786574,771.6622223339914,4.358147270431499,78.67744452258316,308.14936738093905,3.7579032087691475,7.2706308486397955,1.7655,2.049814224192,7.2375,188.779221,201.04143620304785,1.9205387265035818,5.198539297344014,5.911255518349186,1.852,7.3944314129686735,9.068303976084401,73.98842857203601,71.788797157717,294.3767880933066,-7.2431,19.884995608226205,0.0,122.19502265848104,0.0,18.589677283420055,323.44582097769705,26.934862336220647,7.698928705547675,210.0626963114769,6012.753430646245,25.552099794551353,0.8487037510378486,25.106846740984317,14.791359570245636,127.67575537051448,50.17757836017568,458.6083992928865,1.9299945269327201,764.630773738293,2.7389011685435145,76.98733645506101,307.7773942901482,3.7895600184920206,7.294230411841506,1.7655,2.165103995093,7.2431,188.779221,201.04143620304785,2.0046972339981917,5.198539297344014,7.1755281008434455,1.852,7.3944314129686735,11.714197295584608,74.28782033814393,71.788797157717,300.60186618930476,-7.2431,21.45854449867787,0.0,122.19502265848104,0.0,18.589677283420055,323.44582097769705,26.934862336220647,7.798914792632713,210.0626963114769,6012.753430646245,25.552099794551353,0.8653908144903646,26.505556865830243,14.791359570245636,129.21226705121765,51.23116019058078,458.6083992928865,3.0799912657786574,764.630773738293,4.358147270431499,76.98733645506101,307.7773942901482,0.21586085319170162,0.43293721192949913,0.002071530825330839,0.030570174127611153,0.015909351808703894,2.7841435426772367,0.043009171706720396,0.0,0.8496655965178195,0.021982357679347052,0.04989112989823918,0.3699283156844088,7.674093528771459,0.5853536014967772,1.2222828348301613,0.028093773650779003,0.29561726447865044,0.0,3.762048536248562,0.0,0.043419429181395575,2.423388787646304,0.2128480531507714,0.004742732828907844,6.436567836729007,40.86392941174473,1.4099178236515666,0.010663386034887444,1.3721806007910955,1.8125902592909373,2.024661995541013,1.116887087884123,1.4381403701276363,0.3254524825660996,3.5105010816299047,0.9450558770542969,1.3582935449282925,1.2003917584790307
920,CC(C)N(C(C)C)P(C(C)(C)C)C(C)(C)C,4.110031230762749,5.6192971757790176,1.2179,5.381307298051,6.5863,202.630692,208.27237173936166,0.6902188058869447,9.010024387549155,10.372192600985985,1.4105,7.525760625476291,9.464605178124078,48.51858785439151,79.31851999647088,298.66742089968284,-6.4828,22.251146902757224,0.0,106.51782009608752,0.0,18.300866320490826,332.90586735860853,29.731821710936085,6.399109573442228,185.90815092477118,6092.465775836945,30.181050142964523,0.8429652487698915,28.335535945836988,17.60043573764453,108.70759550327621,60.02546564837062,445.23178064618764,3.429990273253496,765.3776432459498,4.558116578818362,88.32854438402003,301.3650757710848,3.9297089045671187,5.0256751312842525,1.1912,5.172215723171,6.4828,202.580054,191.4207800524221,0.6502338041043391,0.5711399676454185,0.3183896910726179,1.3911,7.287080690435657,3.170409616317425,35.899495157832206,74.88927126779211,283.15312580796035,-6.5863,20.15308171548834,0.0,94.84094320773767,0.0,18.198235993497654,330.60516172919597,27.74166951426768,4.299401744656493,127.82904613581441,6016.4307538163675,28.42969381393801,0.8249881973249197,20.73587760084081,16.52809130859599,102.07544233313428,56.536304665657916,441.33173361216814,1.499995746320776,760.8697419365938,1.970969469109063,75.46041123543755,300.282404364039,4.0703935902753745,5.026067524449424,1.209391493,5.35065174560646,6.534280154,202.62900345419,203.47009317549657,0.6610167166337472,6.8619508840683,8.674438157893936,1.407592718,7.309890083042465,9.392390007496635,36.57408652098991,78.54699522149953,285.92652920944994,-6.534280154,22.250275040112736,0.0,94.99799202646707,0.0,18.19824027895879,330.60663654563024,28.9317838693524,5.100095329337807,147.55396658047047,6016.459018625004,28.43046272365847,0.8429571597019442,27.795943185702406,17.599827648417754,102.07976391424178,57.134216289331604,441.3336079083743,1.7510743343135724,760.8720378717683,2.3158926685207066,85.40894610556785,300.4095897661585,0.21586085319170162,0.43293721192949913,0.002071530825330839,0.030570174127611153,0.015909351808703894,2.7841435426772367,0.043009171706720396,0.0,0.8496655965178195,0.021982357679347052,0.04989112989823918,0.3699283156844088,7.674093528771459,0.5853536014967772,1.2222828348301613,0.028093773650779003,0.29561726447865044,0.0,3.762048536248562,0.0,0.043419429181395575,2.423388787646304,0.2128480531507714,0.004742732828907844,6.436567836729007,40.86392941174473,1.4099178236515666,0.010663386034887444,1.3721806007910955,1.8125902592909373,2.024661995541013,1.116887087884123,1.4381403701276363,0.3254524825660996,3.5105010816299047,0.9450558770542969,1.3582935449282925,1.2003917584790307
953,CC(C)(C)CP(CC(C)(C)C)C(C)(C)C,4.102883075365165,6.138383845927134,0.9558,5.516566089384,6.8296,193.169071,213.70105961137406,0.6226226786746528,9.07995989379145,12.787867904066927,1.2895,6.528754674220757,10.781723879020658,48.69252915356627,78.32776699137167,276.26332606639073,-6.7913,21.93643712466689,0.0,91.41231224857518,0.0,18.04958954554926,347.00814191502917,29.727173555820645,6.699067834697327,190.2117506694822,6252.509392395519,16.783622216047434,0.9494170204076492,26.936825820991068,17.553812066816334,96.27899345589626,53.5498601194371,459.44164151399843,2.549992768745306,768.3466117840213,3.1723095979018576,86.62678039879083,287.77854532667726,3.98959693247078,6.060364456411728,0.9334,5.273482660637,6.7913,193.142539,203.57570812443004,0.5778485960872449,7.191701225249454,8.6913804030083,1.2735,6.449876514134985,7.960991793914712,35.24569757388862,72.70961465657389,273.9807688969451,-6.8296,20.968995954981796,0.0,84.89113607553601,0.0,17.95494247349334,343.30672475119894,28.096273848117065,4.999304354251736,140.8430088641236,6169.443222830472,15.397038640243782,0.9378552355955838,24.943663893085628,14.290155108842514,88.83628514951202,45.729768487105915,455.5415222208291,1.0599969940666738,764.0533607041812,1.2716352831613946,80.89206888692254,286.71345813475466,4.020377357189621,6.138142306504435,0.937095266,5.2741124583335335,6.8176498740000016,193.16897953126002,205.67651387932565,0.5779507375766686,7.1993025154229295,8.864698629331837,1.2782807040000004,6.528578953338049,8.162744772861094,35.88363845437079,78.31991323402067,273.9899102801585,-6.8176498740000016,21.75080404679101,0.0,84.91005196717127,0.0,17.955048956137066,343.61787272553016,28.857366021556146,5.595729362600938,161.47816313121942,6169.675797946783,15.402197269120794,0.9493757125968912,24.950799412787532,16.78765600754086,88.86622066091878,52.94974501616327,455.5468266151713,1.8178288450115112,764.063530893386,2.1613844630285244,85.51921574944362,286.7193422781541,0.21586085319170162,0.43293721192949913,0.002071530825330839,0.030570174127611153,0.015909351808703894,2.7841435426772367,0.043009171706720396,0.0,0.8496655965178195,0.021982357679347052,0.04989112989823918,0.3699283156844088,7.674093528771459,0.5853536014967772,1.2222828348301613,0.028093773650779003,0.29561726447865044,0.0,3.762048536248562,0.0,0.043419429181395575,2.423388787646304,0.2128480531507714,0.004742732828907844,6.436567836729007,40.86392941174473,1.4099178236515666,0.010663386034887444,1.3721806007910955,1.8125902592909373,2.024661995541013,1.116887087884123,1.4381403701276363,0.3254524825660996,3.5105010816299047,0.9450558770542969,1.3582935449282925,1.2003917584790307
1007,CC(C)P(C(C)C)[Si](C)(C)C,3.8773755161067562,5.441155869643126,0.9487,4.390475649644,6.2553,161.52604,184.30088729783034,0.7655226972467898,0.8975056634428005,1.3932667769509208,1.2186,7.090370155734158,7.098453883593059,37.87069374802258,66.67184928432233,238.95966956731553,-6.2077,19.127360957268,0.0,88.16404654159456,0.0,18.187930099747213,297.70516323095137,26.547408650053605,14.198024366074934,370.64780266057807,5378.688323608842,26.1192002276913,0.9281084202444898,19.919963361347353,14.604864886932846,88.37798326146816,52.436277050585076,405.46126317398966,10.909969061573074,649.481442315517,14.71342019435158,66.67184928432233,239.0639379354898,2.9967655669833713,5.328147483704594,0.8166,4.216963177482,6.2077,161.500274,175.39842012201404,0.667995508966939,0.0,0.0,1.1451,6.827685961727498,2.6109255663790556,27.753601085350496,61.78801976506864,233.7639941522932,-6.2553,17.62374757305863,0.0,80.97320944586694,0.0,18.00365552921061,290.40488837652276,25.274142793364426,12.198302624374243,309.3833795201778,5228.349574329774,18.42198190953479,0.8651396812384234,17.705338997007974,11.108089574818038,80.97320944586694,29.919633848120323,395.49128243592475,7.449978873393162,639.7102548853563,9.873185694308914,62.02113811920964,237.52645537770286,3.5037484136939847,5.387576910181448,0.8913539379212416,4.358734331955687,6.242986050278994,161.5050355375892,177.51398128956936,0.6960071402311925,0.10868809326459927,0.0002691962243877906,1.1888705925881482,7.04813655088034,3.84457965825529,33.486637375440736,62.878246928204554,235.02107183163415,-6.242986050278994,17.886176127575993,0.0,83.9553809608975,0.0,18.109062432793017,293.56450676679344,25.935048783309604,13.738192548902854,356.2917554898647,5316.143296093874,19.26310307549684,0.9224743454331559,17.99000310102409,12.861627295113019,83.95595514896993,40.768299236800644,400.17608989109425,10.110998506745547,643.8775925215962,13.488013673619001,62.98693502146914,238.5079610624232,0.21586085319170162,0.43293721192949913,0.002071530825330839,0.030570174127611153,0.015909351808703894,2.7841435426772367,0.043009171706720396,0.0,0.8496655965178195,0.021982357679347052,0.04989112989823918,0.3699283156844088,7.674093528771459,0.5853536014967772,1.2222828348301613,0.028093773650779003,0.29561726447865044,0.0,3.762048536248562,0.0,0.043419429181395575,2.423388787646304,0.2128480531507714,0.004742732828907844,6.436567836729007,40.86392941174473,1.4099178236515666,0.010663386034887444,1.3721806007910955,1.8125902592909373,2.024661995541013,1.116887087884123,1.4381403701276363,0.3254524825660996,3.5105010816299047,0.9450558770542969,1.3582935449282925,1.2003917584790307
1136,COc1ccccc1P(C(C)(C)C)C(C)(C)C,3.8820705815598315,6.572224242709279,1.3779,3.248280040652,6.5184,202.440845,225.63672660558424,1.1610521090803807,14.569897133811699,17.754007807501083,1.5127,8.467703839431357,16.91273659292862,68.01158572802046,74.69112066677229,289.32455706417807,-6.4588,21.40026491014262,0.0,107.84549266841913,0.0,18.99730691358053,340.18353431490056,30.586679831764663,8.298845228057887,237.57820423079696,6458.031195176889,28.113820913859826,0.8838786664520342,34.01196786917003,17.099231276241408,117.32459478289175,54.318341162328664,458.052103193014,4.409987494183064,760.0754288389878,6.306938692797065,89.26101780058399,294.215018608958,3.8292978802681303,6.06828044497451,1.2118,3.111474413931,6.4588,202.318299,191.76706721281388,0.5390046381989676,0.4662367082819744,0.1511085931710341,1.4073,6.782098617744409,4.8721736015466295,50.04510836027002,70.76307639949665,272.5545386272187,-6.5184,19.710156842620464,0.0,99.1415827358733,0.0,18.79623082348129,329.1924015367932,27.216118467335335,4.099429570486425,125.38793976533681,6247.55095724153,23.670454032386374,0.8429120859175224,20.12976988007424,14.896262829609078,107.84549266841913,49.31300905487128,447.1417747367627,0.4799986388226477,749.4560605104446,0.647180893215485,71.22931310777864,293.7914888495648,3.8820622836205434,6.382339017072306,1.3727806589999998,3.1744119674281825,6.518398445999999,202.43784157912998,218.9639228463277,0.5391352681678526,8.169180354704684,17.750311198666072,1.512687022,7.232672465506986,14.369751622476297,68.00781276777323,72.68589894361124,272.5580603310904,-6.518398445999999,21.39990998744844,0.0,99.57232470558623,0.0,18.79627304946021,336.4869992288378,28.29041530973485,7.898984868030895,223.46547221352554,6324.701510570137,23.67138713943148,0.883870063470122,29.312704211966974,14.942876709466402,117.32260417144771,49.31365647650688,458.0504568220661,3.0802705649866224,760.0738969598606,3.9516489907931605,80.85507929831593,294.19463353671995,0.21586085319170162,0.43293721192949913,0.002071530825330839,0.030570174127611153,0.015909351808703894,2.7841435426772367,0.043009171706720396,0.0,0.8496655965178195,0.021982357679347052,0.04989112989823918,0.3699283156844088,7.674093528771459,0.5853536014967772,1.2222828348301613,0.028093773650779003,0.29561726447865044,0.0,3.762048536248562,0.0,0.043419429181395575,2.423388787646304,0.2128480531507714,0.004742732828907844,6.436567836729007,40.86392941174473,1.4099178236515666,0.010663386034887444,1.3721806007910955,1.8125902592909373,2.024661995541013,1.116887087884123,1.4381403701276363,0.3254524825660996,3.5105010816299047,0.9450558770542969,1.3582935449282925,1.2003917584790307
1456,CN(C)P([Si](C)(C)C)[Si](C)(C)C,4.131261968620903,5.431190661893572,1.1997,3.943442458115,5.8038,185.795451,190.10150145897404,0.7928095609917932,1.5502370550375648,1.5778546271620044,1.3312,7.197374608511106,4.405936893264657,38.46217883412454,66.84668804992808,272.3879454983431,-5.6458,19.24392013433849,0.0,88.07603727412452,0.0,19.299531387584146,340.105894039191,28.734563255240072,15.797801759435494,443.9056983993992,6563.8843771117345,27.1415694309095,0.9317436299457142,20.71256576542671,14.616520804639894,88.07603727412452,50.46359340817823,440.1614849320474,12.269965204903912,725.5805875576466,16.558624203225722,68.07055940916825,272.4902009024644,3.8014692179553116,5.394782712070704,1.1213,3.494310411284,5.6458,185.701804,176.41950118647242,0.5712241241404289,0.0,0.0,1.2796,6.919687945601441,2.9372912621764407,30.584591372683548,62.091073625451926,266.4260246289043,-5.8038,16.936048428342716,0.0,84.45372138950998,0.0,19.143144829630682,331.5031825846869,27.658655873496464,13.898066104819835,398.70540873875854,6346.013435702165,17.72147061454568,0.8525769121557543,16.936048428342716,13.159531091258726,84.45372138950998,48.499586415153594,431.93138539377946,7.279979355476807,714.3089632989565,9.744911622775124,62.091073625451926,270.97197735578976,3.9279274559045847,5.420094984270745,1.122697846,3.937938222391228,5.799397225000001,185.77782704903004,184.69059598074045,0.790581290700485,0.07263105377122839,0.0740423507545361,1.2807252480000002,7.062145514325416,3.892033426078883,31.709339890456295,66.06340163807609,272.3732356559795,-5.799397225000001,18.021843786425194,0.0,85.51723193363574,0.0,19.262915282855275,338.3159861955721,28.66638524292078,14.293391095936645,409.75061094663494,6516.953540717011,24.663964274745734,0.8768770996718509,18.030394334536734,13.669389139085917,85.53171315122268,50.13616073032921,436.24933748436786,8.711652095547565,720.9782224197637,11.684944289442605,66.13603269184732,272.44931102898477,0.21586085319170162,0.43293721192949913,0.002071530825330839,0.030570174127611153,0.015909351808703894,2.7841435426772367,0.043009171706720396,0.0,0.8496655965178195,0.021982357679347052,0.04989112989823918,0.3699283156844088,7.674093528771459,0.5853536014967772,1.2222828348301613,0.028093773650779003,0.29561726447865044,0.0,3.762048536248562,0.0,0.043419429181395575,2.423388787646304,0.2128480531507714,0.004742732828907844,6.436567836729007,40.86392941174473,1.4099178236515666,0.010663386034887444,1.3721806007910955,1.8125902592909373,2.024661995541013,1.116887087884123,1.4381403701276363,0.3254524825660996,3.5105010816299047,0.9450558770542969,1.3582935449282925,1.2003917584790307
1648,CC(C)(C)P(c1cccc2ccccc12)C(C)(C)C,3.9837140930808754,7.304114658604641,1.6783,2.460215435898,6.4455,225.850863,210.69042784864482,0.5679647876409241,7.564690591875033,22.818415831480777,1.7305,7.527722659016975,12.868133148582489,90.55636209366828,73.93348601581408,297.0680386911586,-6.4276,21.645039181990658,0.0,120.35464741824768,0.0,19.874009907370958,360.06006228720844,31.691134151252015,6.499095660527258,191.10042110445855,7155.837245144585,26.640852510489847,0.8731807943890793,27.75274006048452,16.294972954455,141.37482454441698,53.644568852798464,480.9428097460192,1.8499947537956145,808.1997929231409,2.408908901184003,81.4981766076891,318.43769553482906,3.8667076208768627,7.302770366949639,1.6638,2.392813441606,6.4276,225.845913,209.4973902145865,0.5531238559310202,6.480690245119443,21.369656843670416,1.7179,7.389007083413945,7.168389389835355,84.84462399971164,73.36234604816866,295.5384717727745,-6.4455,20.316264563387033,0.0,119.67983870102549,0.0,19.698486871235243,352.0599512744825,29.404155760488525,5.799193050932016,183.78300494609496,6935.048328068113,24.86462943471733,0.8535064215489218,26.09759974608351,14.884606911902031,140.60797156421793,50.8184624507487,478.4828527127915,1.2199965403408992,802.2882481371772,1.592477220341377,79.84303629328811,318.3568876042553,3.8667076208768627,7.302770366949639,1.6638,2.460215435898,6.4276,225.850863,209.4973902145865,0.5531238559310202,6.480690245119443,21.369656843670416,1.7179,7.389007083413945,12.868133148582489,90.55636209366828,73.36234604816866,297.0680386911586,-6.4276,21.645039181990658,0.0,120.35464741824768,0.0,19.698486871235243,352.0599512744825,29.404155760488525,6.499095660527258,191.10042110445855,6935.048328068113,24.86462943471733,0.8731807943890793,27.75274006048452,14.884606911902031,141.37482454441698,50.8184624507487,478.4828527127915,1.8499947537956145,802.2882481371772,2.408908901184003,79.84303629328811,318.43769553482906,0.21586085319170162,0.43293721192949913,0.002071530825330839,0.030570174127611153,0.015909351808703894,2.7841435426772367,0.043009171706720396,0.0,0.8496655965178195,0.021982357679347052,0.04989112989823918,0.3699283156844088,7.674093528771459,0.5853536014967772,1.2222828348301613,0.028093773650779003,0.29561726447865044,0.0,3.762048536248562,0.0,0.043419429181395575,2.423388787646304,0.2128480531507714,0.004742732828907844,6.436567836729007,40.86392941174473,1.4099178236515666,0.010663386034887444,1.3721806007910955,1.8125902592909373,2.024661995541013,1.116887087884123,1.4381403701276363,0.3254524825660996,3.5105010816299047,0.9450558770542969,1.3582935449282925,1.2003917584790307
1651,C=CCP(C(C)(C)C)C(C)(C)C,3.56872649396188,5.874647319220449,0.8462,4.184392804037,6.8121,157.530668,195.67407032987003,0.7377181033430046,3.310280628802018,4.323942482585337,1.2241,7.502148313370807,7.249980813784699,30.404034172186286,70.9379151651024,233.02063779828583,-6.7098,20.561038835235067,0.0,70.25166709338781,0.0,17.540030973216442,279.49466666287896,26.897019904406335,11.098455666438857,277.3082602608511,4893.254675778089,26.713775132874904,0.8999502990335189,23.871319464037086,15.80542441075893,70.25166709338781,46.1642702431828,392.16164526466923,8.909974733145377,628.2768850187271,12.157977142025493,74.24819579390442,233.02063779828586,3.3920044165852787,4.840519995141529,0.7826,3.924567554244,6.7098,157.507123,174.59043322020113,0.43896583010526,0.0,0.0,1.1861,6.491974388289993,3.788173254791042,17.511300712470238,63.75786985755999,225.79594876041583,-6.8121,18.544565071915528,0.0,66.81890996602003,0.0,17.46824294948827,271.7959823534184,24.204683144510028,8.698789576398024,233.97151638062002,4767.309948874748,21.743117367788916,0.8581065159108479,18.544565071915528,12.786541724633146,66.81890996602003,38.510394459485866,383.6016838814952,3.8799889971497277,619.3253164289741,4.8376555263590095,63.75786985755999,232.39063975973642,3.4726850136722986,5.671999737249418,0.808673288,4.1394330450757835,6.797632675000001,157.51715054321002,182.72056662400874,0.6686176375559479,0.5655200669229647,0.7474526413267251,1.2075569519999998,6.500088644996377,4.807662992523551,26.30530425243633,66.75357615003543,231.5910886236266,-6.797632675000001,18.93081654170819,0.0,68.22276016654521,0.0,17.50173288596316,277.96288117788174,25.601927416695112,10.46694653999239,267.5140620361796,4864.838876916045,21.956120746698847,0.8984105407615044,19.496336608631154,14.383844093220828,68.22276016654521,40.23570447964185,389.8987483768899,6.946208001983674,625.9029380130429,9.006551226362927,67.3190962169584,232.77817374166008,0.21586085319170162,0.43293721192949913,0.002071530825330839,0.030570174127611153,0.015909351808703894,2.7841435426772367,0.043009171706720396,0.0,0.8496655965178195,0.021982357679347052,0.04989112989823918,0.3699283156844088,7.674093528771459,0.5853536014967772,1.2222828348301613,0.028093773650779003,0.29561726447865044,0.0,3.762048536248562,0.0,0.043419429181395575,2.423388787646304,0.2128480531507714,0.004742732828907844,6.436567836729007,40.86392941174473,1.4099178236515666,0.010663386034887444,1.3721806007910955,1.8125902592909373,2.024661995541013,1.116887087884123,1.4381403701276363,0.3254524825660996,3.5105010816299047,0.9450558770542969,1.3582935449282925,1.2003917584790307
1654,CC(C)(C)P(C(C)(C)C)[Si](C)(C)C,3.9942579802757723,5.471964693029975,0.7653,4.263650777313,6.2784,184.746345,189.57873767416075,0.6558612658177033,2.8906675913482407,4.1953074767419745,1.1233,6.955628128697759,5.548216828555493,22.812186956259275,71.66058206293945,267.84833136069756,-6.248,19.710156842620464,0.0,84.81879764580417,0.0,18.582035581951494,318.9058475306131,28.762527629090034,10.398553056843614,285.6791058337673,5925.919806106251,29.820959595786714,0.8560020216188908,22.554200763140507,15.80542441075893,85.6834719141489,53.350671188223686,422.10155757254125,7.259979412192535,707.0057738544971,9.51478478496311,74.5512496542877,271.4756601698649,3.9593355345192776,5.3736478614103245,0.7387,4.130373024174,6.248,184.73902,185.13124995114683,0.5950042016658369,0.2564301895550859,0.1448813566688417,1.1099,6.47337693911204,2.2029684466323314,21.230899226537723,69.86557073605385,267.28035269312295,-6.2784,18.777683426056516,0.0,81.45716462846548,0.0,18.313688449846182,309.5048930922413,27.407684839086677,9.398692185993266,260.3367804964102,5668.1761857942565,27.003343540186133,0.8279450517843876,19.034113615611602,15.502370550375646,83.76013383710324,51.43504597123385,418.7615523972638,4.7599865016579175,700.8349162749214,6.264087872327808,70.19193643185123,270.5661781777419,3.981310371979497,5.462310011982789,0.7398148769999999,4.257390992508203,6.263598591,184.7405754003,188.4086629210892,0.6558586529298495,0.2565833483137565,0.14511745406928284,1.109907594,6.94665056093889,2.4477321115952515,21.231495034154225,70.00552986727631,267.7842537841558,-6.263598591,18.77776256973775,0.0,84.81829243934648,0.0,18.31378908018521,309.506870338014,27.46154273673776,9.898813594844773,271.83667314943654,5668.24384630459,27.133797518138405,0.8546814326060491,19.03433950729676,15.502448062228398,84.95226842607983,51.435340857055664,418.96164041438277,6.350372491650554,701.599917798787,8.35093033193311,70.26211321559006,270.57237566578357,0.21586085319170162,0.43293721192949913,0.002071530825330839,0.030570174127611153,0.015909351808703894,2.7841435426772367,0.043009171706720396,0.0,0.8496655965178195,0.021982357679347052,0.04989112989823918,0.3699283156844088,7.674093528771459,0.5853536014967772,1.2222828348301613,0.028093773650779003,0.29561726447865044,0.0,3.762048536248562,0.0,0.043419429181395575,2.423388787646304,0.2128480531507714,0.004742732828907844,6.436567836729007,40.86392941174473,1.4099178236515666,0.010663386034887444,1.3721806007910955,1.8125902592909373,2.024661995541013,1.116887087884123,1.4381403701276363,0.3254524825660996,3.5105010816299047,0.9450558770542969,1.3582935449282925,1.2003917584790307
1656,Cc1cc(C)c(P(C(C)(C)C)C(C)(C)C)c(C)c1,3.8456235137779045,7.618870451890866,1.3537,3.136982625024,6.5272,220.516496,219.6307647498279,0.6094464701678072,12.133810333038381,11.896031760705576,1.4979,7.601188646454058,14.31346694425661,77.6642625658773,76.59103525302133,299.0847742835079,-6.4966,21.703318770525904,0.36133344891853014,120.79436078660663,0.13193603248469657,19.17672797110363,364.68150054101807,32.08489170471696,4.299401744656493,137.94583937237473,6993.397931968985,33.61158606755161,0.7968350919708133,31.40104230279097,17.285725959554195,131.43182895763852,53.76756639176122,478.83228846152343,0.6399981850968589,813.4521887825304,0.8891430502349774,88.20032928924249,318.00726366846436,3.829294505335295,7.595569720981409,1.3394,3.075830678128,6.4966,220.496974,217.68595010591406,0.5337958411228023,11.574326283100012,11.765684492201945,1.491,7.579025265924117,11.131401410232137,72.53830877631657,76.0665189562041,296.7596555327855,-6.5272,20.607662506063267,0.0,119.37730003486196,0.0,19.155355765984105,360.88097974308397,31.124338468748533,4.099429570486425,127.59203348061591,6912.803556155676,32.67983333165824,0.7836370938010724,29.139794267623394,17.08757535853436,127.81821168996206,50.21147201137549,478.2423089549307,0.309999120906293,811.9474477582679,0.43082118217638615,88.16536153612134,317.4073894263335,3.8292946686253795,7.618870218883558,1.339400143,3.136982013504531,6.527199694,220.49697419522002,217.6859695540605,0.5337965976290928,11.574331877940512,11.765685795674631,1.491000069,7.579025487557923,14.313435123601272,77.66421130633941,76.59103000785836,299.0847510323204,-6.527199694,21.703307813963264,3.613334489185302e-06,120.79434661599912,1.3193603248469657e-06,19.155355979706158,360.881017748292,31.124348074280892,4.099431570208167,127.59213701867483,6912.804362099435,32.6798426491856,0.7968349599908316,31.40101969031062,17.08757734004037,131.43179282146585,53.76753083081742,478.2423148547258,0.639994885106217,811.9474628056781,0.8891384670162968,88.16536188579887,318.007257669722,0.21586085319170162,0.43293721192949913,0.002071530825330839,0.030570174127611153,0.015909351808703894,2.7841435426772367,0.043009171706720396,0.0,0.8496655965178195,0.021982357679347052,0.04989112989823918,0.3699283156844088,7.674093528771459,0.5853536014967772,1.2222828348301613,0.028093773650779003,0.29561726447865044,0.0,3.762048536248562,0.0,0.043419429181395575,2.423388787646304,0.2128480531507714,0.004742732828907844,6.436567836729007,40.86392941174473,1.4099178236515666,0.010663386034887444,1.3721806007910955,1.8125902592909373,2.024661995541013,1.116887087884123,1.4381403701276363,0.3254524825660996,3.5105010816299047,0.9450558770542969,1.3582935449282925,1.2003917584790307
1661,CC(=O)P(C(C)(C)C)C(C)(C)C,3.8290141594780764,4.880752386705624,1.4639,2.740195492439,6.9065,147.897763,178.64937022322957,1.8076252377083033,0.0,0.0,1.6091,6.534220940321614,4.405936893264657,19.24161557777831,67.83744105502727,225.96091051774383,-6.8312,18.183231622997,0.0,67.82720720175315,0.0,17.41844622869491,270.11848052571486,25.1621821538266,11.198441753523895,274.44654741625993,4700.133936487706,26.13882861403913,0.9029722462721926,18.183231622997,15.910327670122374,67.82720720175315,51.37747411018732,376.33042553053235,8.84997490329256,604.4108752243636,11.677155000322037,67.83744105502727,225.96091051774383,3.653517678947994,4.82315649894825,1.3671,2.687694637736,6.8312,147.832283,172.59798214234496,0.7181295147812823,0.0,0.0,1.5376,6.521189353262769,1.6667962321080587,13.866691097363542,64.76027878036624,222.8972939053666,-6.9065,17.79858633866437,0.0,67.1709485972806,0.0,17.34966866415737,261.12017824093175,24.50756573608983,9.498678273078303,238.2811493155978,4548.307783916901,21.05794696883213,0.8584744409208905,17.79858633866437,13.742326976611194,67.1709485972806,47.47308089056371,371.83008353447667,6.7799807733698865,597.8152400387331,8.90717220713031,64.76027878036624,225.20664937727065,3.738371340963072,4.872522972527893,1.443168802,2.6934697485399908,6.901521367,147.8806293912,175.50787833078496,0.7496029505895269,0.0,0.0,1.594697485,6.5248322504644864,2.2412704915727555,15.172648665416089,67.57686590457638,224.44223418380565,-6.901521367,17.934939245507444,0.0,67.19176552077391,0.0,17.382338061755032,269.5498777753462,25.112751500723675,9.74690373287561,244.78371889553685,4685.4256078282,21.07572077390072,0.9014477031960904,17.934939245507444,15.47636141904496,67.19176552077391,49.99348909001142,376.1233724453613,6.907788510933444,604.3127266603205,9.073639345436552,67.57686590457638,225.2606466694937,0.21586085319170162,0.43293721192949913,0.002071530825330839,0.030570174127611153,0.015909351808703894,2.7841435426772367,0.043009171706720396,0.0,0.8496655965178195,0.021982357679347052,0.04989112989823918,0.3699283156844088,7.674093528771459,0.5853536014967772,1.2222828348301613,0.028093773650779003,0.29561726447865044,0.0,3.762048536248562,0.0,0.043419429181395575,2.423388787646304,0.2128480531507714,0.004742732828907844,6.436567836729007,40.86392941174473,1.4099178236515666,0.010663386034887444,1.3721806007910955,1.8125902592909373,2.024661995541013,1.116887087884123,1.4381403701276363,0.3254524825660996,3.5105010816299047,0.9450558770542969,1.3582935449282925,1.2003917584790307
1662,CC(C)(C)P(CC1CCC1)C(C)(C)C,4.017219153163298,6.866958920397121,0.8915,5.3449629596,6.8612,176.337552,211.2186785523282,0.6513470657030704,7.902712205379466,17.23851527077476,1.246,8.1832207139387,11.096433657110989,47.46768467926338,75.46041123543753,263.2729464215795,-6.69,21.738286523647055,0.0,90.69288620595759,0.0,17.85718146477739,320.6028512470497,27.935503722057323,10.498539143928653,268.2085768453832,5723.532915983276,27.250652223988777,0.8989211107276558,28.825084489533065,16.632994567959432,90.69813750867934,54.62568197803911,433.7812839461279,8.569975697312683,707.6496051794311,12.1446283754484,83.363123440817,263.38528297145126,3.8136308110853343,5.662636867368429,0.7931,5.263256037774,6.69,176.299254,177.46243741087443,0.6150471526639237,0.0,0.0,1.187,6.446614409234654,1.760043573764456,22.00731091160896,64.59709593246754,241.0782930879742,-6.8612,18.55622098962258,0.0,67.46613736430047,0.0,17.740127391710843,308.3027776606352,24.769764056756866,6.599081747612296,184.3486727225838,5473.596784594916,22.00380602102841,0.8526407697913241,18.55622098962258,12.728262136097898,79.40662256665094,42.02508360479853,421.52127059487964,3.5299899896748888,694.3185664596037,4.205321397800618,64.59709593246754,262.18110295181066,3.971523053481718,6.299050821473981,0.8555681333626673,5.341157061591003,6.820964582291646,176.33316422842455,198.67311925781468,0.6198529814683026,4.227157882432322,7.046882942945216,1.2348361727234545,6.471729101839868,8.160935810301266,35.244111507712894,71.91750973701198,252.28872799738167,-6.820964582291646,19.987323907309783,0.0,79.72265354968803,0.0,17.78010351077641,316.3613901365471,27.32206844039215,8.410879879607958,229.78105474917248,5624.950777092751,22.1960758614894,0.8970269705964095,24.151919032022843,15.96532954904421,87.29143602032833,51.32329795795688,430.8636389883428,4.1936730813056995,705.0147674384224,5.152115226032704,76.1446676194443,262.31513755081863,0.21586085319170162,0.43293721192949913,0.002071530825330839,0.030570174127611153,0.015909351808703894,2.7841435426772367,0.043009171706720396,0.0,0.8496655965178195,0.021982357679347052,0.04989112989823918,0.3699283156844088,7.674093528771459,0.5853536014967772,1.2222828348301613,0.028093773650779003,0.29561726447865044,0.0,3.762048536248562,0.0,0.043419429181395575,2.423388787646304,0.2128480531507714,0.004742732828907844,6.436567836729007,40.86392941174473,1.4099178236515666,0.010663386034887444,1.3721806007910955,1.8125902592909373,2.024661995541013,1.116887087884123,1.4381403701276363,0.3254524825660996,3.5105010816299047,0.9450558770542969,1.3582935449282925,1.2003917584790307
1663,CC(C)(C)P(n1cccc1)C(C)(C)C,3.8767620064341832,5.917917160829152,0.9872,4.644788917329,6.5712,172.550566,187.13058108504185,1.0943244491465955,0.7343228155441096,0.7600837490251043,1.2785,6.509946071197657,3.9513561026897364,26.26125778626654,69.14290383821678,250.97623361354493,-6.5681,19.873339690519156,0.0,76.7262317765897,0.0,18.32095380508474,298.0823299469569,27.0639844931024,9.298706098908236,251.6600376667692,5461.152597070226,25.664517318530038,0.8791686529260927,20.596006588356218,15.327531784769905,76.7262317765897,51.51678743392374,406.3520047301971,5.589984147955404,660.3138245198273,7.44060716382241,69.8772266537609,251.4399268649991,3.8379213582596514,5.917114216870225,0.9365,4.580653742752,6.5681,172.537129,186.60001661841608,1.0763187260286795,0.0,0.0,1.2504,6.477459145434067,3.368560217337265,24.7027218433159,68.78157038929825,250.679843115974,-6.5712,18.544565071915528,0.0,76.32509224240987,0.0,18.18127977199147,291.58134971330117,26.07982188897236,9.098733924738161,237.29336017232168,5301.322095432413,24.219406986082802,0.8649565622009917,18.544565071915528,14.826327323366783,76.32509224240987,50.063834456143326,404.0120258882221,4.56998704045729,656.2716438215923,6.057592546864714,68.78157038929827,250.97623361354493,3.8767620064341832,5.917114216870225,0.9365,4.644788917329,6.5712,172.537129,186.60001661841608,1.0943244491465955,0.0,0.0,1.2504,6.509946071197657,3.368560217337265,26.26125778626654,68.78157038929825,250.97623361354493,-6.5712,18.544565071915528,0.0,76.32509224240987,0.0,18.18127977199147,291.58134971330117,26.07982188897236,9.098733924738161,237.29336017232168,5301.322095432413,24.219406986082802,0.8791686529260927,18.544565071915528,14.826327323366783,76.32509224240987,50.063834456143326,404.0120258882221,5.589984147955404,656.2716438215923,7.44060716382241,68.78157038929827,250.97623361354493,0.21586085319170162,0.43293721192949913,0.002071530825330839,0.030570174127611153,0.015909351808703894,2.7841435426772367,0.043009171706720396,0.0,0.8496655965178195,0.021982357679347052,0.04989112989823918,0.3699283156844088,7.674093528771459,0.5853536014967772,1.2222828348301613,0.028093773650779003,0.29561726447865044,0.0,3.762048536248562,0.0,0.043419429181395575,2.423388787646304,0.2128480531507714,0.004742732828907844,6.436567836729007,40.86392941174473,1.4099178236515666,0.010663386034887444,1.3721806007910955,1.8125902592909373,2.024661995541013,1.116887087884123,1.4381403701276363,0.3254524825660996,3.5105010816299047,0.9450558770542969,1.3582935449282925,1.2003917584790307
1675,C[Si](C)(C)P(C1CCCCC1)[Si](C)(C)C,4.562697787724862,6.682145691369739,1.0501,4.122284392643,6.1755,217.86664,196.4501982539634,0.8209037702435044,4.440904646385805,7.537142528817646,1.255,7.603287410255909,9.394669671881783,43.434869688063515,71.68389389835355,315.655510626842,-5.9987,21.76159835906115,0.0,99.34783865289188,0.0,19.80748636647725,387.50823973320837,30.66328466625627,15.197885236925282,435.90003781161835,7675.564175413122,26.24846219553606,0.9313774177299727,25.63136303780154,15.234284443113511,99.34783865289188,67.05267463466298,486.4611987906154,11.489967416817114,824.1216190282945,15.618554934254421,76.12479854473936,315.8011033902847,4.048179219663231,5.707834019130457,0.8354,3.979509722909,5.9987,217.77359,177.14481741304073,0.6494705536050114,0.0,0.0,1.1422,6.972776982591408,2.1680006935111784,18.386079821722447,62.825396440996045,299.83572366349813,-6.1755,17.029295769999113,0.0,83.32711436427049,0.0,19.418360567974318,366.1104292693442,28.492569778078142,10.69851131809872,327.18149248173694,7134.654186487287,18.17163551034295,0.8580087585882655,17.029295769999113,12.238713592401824,84.2896791296665,49.00027794569189,471.97126107335373,5.899983268861697,806.0773081422738,7.458068160480671,62.825396440996045,313.78853215728356,4.2636307883088245,6.230813739812773,0.8648407865921341,4.052337346118599,6.137659991400086,217.79235620066797,184.15740576138978,0.800874639387136,0.2172108664068148,0.11631421899234899,1.1625336276637233,7.560435442019922,5.075020091733398,39.28603508808067,65.17736472357288,312.22053729391854,-6.137659991400086,18.258823806094934,0.0,97.85560788990155,0.0,19.513558641355147,377.36072811785914,28.603666882920436,14.107047935200569,403.5058624046308,7363.695648985097,24.009245102675667,0.8836735161660136,18.477700636159984,12.984264557750816,97.86078009817234,56.986860228719394,484.05830274243596,10.029391564509575,819.4344839744198,13.939030411798676,65.39457558997971,315.37211344517067,0.21586085319170162,0.43293721192949913,0.002071530825330839,0.030570174127611153,0.015909351808703894,2.7841435426772367,0.043009171706720396,0.0,0.8496655965178195,0.021982357679347052,0.04989112989823918,0.3699283156844088,7.674093528771459,0.5853536014967772,1.2222828348301613,0.028093773650779003,0.29561726447865044,0.0,3.762048536248562,0.0,0.043419429181395575,2.423388787646304,0.2128480531507714,0.004742732828907844,6.436567836729007,40.86392941174473,1.4099178236515666,0.010663386034887444,1.3721806007910955,1.8125902592909373,2.024661995541013,1.116887087884123,1.4381403701276363,0.3254524825660996,3.5105010816299047,0.9450558770542969,1.3582935449282925,1.2003917584790307
