molecule_id,smiles,B1_boltzmann_average,B5_boltzmann_average,EA_delta_SCC_boltzmann_average,HOMO_LUMO_gap_boltzmann_average,IP_delta_SCC_boltzmann_average,alpha_boltzmann_average,cone_angle_boltzmann_average,dip_norm_boltzmann_average,far_vbur_boltzmann_average,far_vtot_boltzmann_average,global_electrophilicity_index_boltzmann_average,lval_boltzmann_average,max_delta_qvbur_boltzmann_average,max_delta_qvtot_boltzmann_average,near_vbur_boltzmann_average,near_vtot_boltzmann_average,nucleophilicity_boltzmann_average,ovbur_max_boltzmann_average,ovbur_min_boltzmann_average,ovtot_max_boltzmann_average,ovtot_min_boltzmann_average,p_int_boltzmann_average,p_int_area_boltzmann_average,p_int_atom_boltzmann_average,p_int_atom_area_boltzmann_average,p_int_atom_times_p_int_atom_area_boltzmann_average,p_int_times_p_int_area_boltzmann_average,pyr_alpha_boltzmann_average,pyr_val_boltzmann_average,qvbur_max_boltzmann_average,qvbur_min_boltzmann_average,qvtot_max_boltzmann_average,qvtot_min_boltzmann_average,sasa_boltzmann_average,sasa_P_boltzmann_average,sasa_volume_boltzmann_average,sasa_volume_P_boltzmann_average,vbur_boltzmann_average,vtot_boltzmann_average,B1_max,B5_max,EA_delta_SCC_max,HOMO_LUMO_gap_max,IP_delta_SCC_max,alpha_max,cone_angle_max,dip_norm_max,far_vbur_max,far_vtot_max,global_electrophilicity_index_max,lval_max,max_delta_qvbur_max,max_delta_qvtot_max,near_vbur_max,near_vtot_max,nucleophilicity_max,ovbur_max_max,ovbur_min_max,ovtot_max_max,ovtot_min_max,p_int_max,p_int_area_max,p_int_atom_max,p_int_atom_area_max,p_int_atom_times_p_int_atom_area_max,p_int_times_p_int_area_max,pyr_alpha_max,pyr_val_max,qvbur_max_max,qvbur_min_max,qvtot_max_max,qvtot_min_max,sasa_max,sasa_P_max,sasa_volume_max,sasa_volume_P_max,vbur_max,vtot_max,B1_min,B5_min,EA_delta_SCC_min,HOMO_LUMO_gap_min,IP_delta_SCC_min,alpha_min,cone_angle_min,dip_norm_min,far_vbur_min,far_vtot_min,global_electrophilicity_index_min,lval_min,max_delta_qvbur_min,max_delta_qvtot_min,near_vbur_min,near_vtot_min,nucleophilicity_min,ovbur_max_min,ovbur_min_min,ovtot_max_min,ovtot_min_min,p_int_min,p_int_area_min,p_int_atom_min,p_int_atom_area_min,p_int_atom_times_p_int_atom_area_min,p_int_times_p_int_area_min,pyr_alpha_min,pyr_val_min,qvbur_max_min,qvbur_min_min,qvtot_max_min,qvtot_min_min,sasa_min,sasa_P_min,sasa_volume_min,sasa_volume_P_min,vbur_min,vtot_min,B1_std,B5_std,EA_delta_SCC_std,HOMO_LUMO_gap_std,IP_delta_SCC_std,alpha_std,cone_angle_std,dip_norm_std,far_vbur_std,far_vtot_std,global_electrophilicity_index_std,lval_std,max_delta_qvbur_std,max_delta_qvtot_std,near_vbur_std,near_vtot_std,nucleophilicity_std,ovbur_max_std,ovbur_min_std,ovtot_max_std,ovtot_min_std,p_int_std,p_int_area_std,p_int_atom_std,p_int_atom_area_std,p_int_atom_times_p_int_atom_area_std,p_int_times_p_int_area_std,pyr_alpha_std,pyr_val_std,qvbur_max_std,qvbur_min_std,qvtot_max_std,qvtot_min_std,sasa_std,sasa_P_std,sasa_volume_std,sasa_volume_P_std,vbur_std,vtot_std
8,CC(C)(C)P(C(C)(C)C)C(C)(C)C,4.070637932881695,4.874224890748536,0.8545,5.229101255515,6.6299,169.868383,176.06542075866085,0.605,0.0,0.0,1.2124,6.725990869011895,1.317118700896577,10.048272682889717,60.86720226621175,249.21402943563587,-6.6299,15.945295423243522,0.0,66.5046194783762,0.0,17.724717653651503,284.3044023067621,26.499900444474427,7.9988869668027816,211.96970828687773,5039.215258577505,31.531895874223025,0.8109986499540662,15.945295423243522,14.18525184947907,66.5046194783762,55.75023481721328,393.18146737352345,4.769986473300061,652.8661766106404,4.2086686702943945,60.86720226621175,250.60392323903744,4.070637932881695,4.874224890748536,0.8545,5.229101255515,6.6299,169.868383,176.06542075866085,0.605,0.0,0.0,1.2124,6.725990869011895,1.317118700896577,10.048272682889717,60.86720226621175,249.21402943563587,-6.6299,15.945295423243522,0.0,66.5046194783762,0.0,17.724717653651503,284.3044023067621,26.499900444474427,7.9988869668027816,211.96970828687773,5039.215258577505,31.531895874223025,0.8109986499540662,15.945295423243522,14.18525184947907,66.5046194783762,55.75023481721328,393.18146737352345,4.769986473300061,652.8661766106404,4.2086686702943945,60.86720226621175,250.60392323903744,4.070637932881695,4.874224890748536,0.8545,5.229101255515,6.6299,169.868383,176.06542075866085,0.605,0.0,0.0,1.2124,6.725990869011895,1.317118700896577,10.048272682889717,60.86720226621175,249.21402943563587,-6.6299,15.945295423243522,0.0,66.5046194783762,0.0,17.724717653651503,284.3044023067621,26.499900444474427,7.9988869668027816,211.96970828687773,5039.215258577505,31.531895874223025,0.8109986499540662,15.945295423243522,14.18525184947907,66.5046194783762,55.75023481721328,393.18146737352345,4.769986473300061,652.8661766106404,4.2086686702943945,60.86720226621175,250.60392323903744,0.24726226709113133,0.06126445705983603,0.002609825814435904,0.03465807148358788,0.008112921027502717,0.0018367225874455285,8.184582980126057,0.33630434349250193,0.27817887687889087,0.652687114677963,0.027681021886576212,0.0907158724919116,1.2349311969651435,0.08847656261215778,0.0,1.3494555945387157,0.0005605118517034166,1.1269086455956867,0.0,0.20153683929631724,0.0,0.014394827430900505,1.9546609979308327,0.16924068319020366,1.2356868152268548,21.776516505089226,12.328990345495912,0.07305170424349589,0.004726971944012425,0.49325726478369614,0.2365392661377862,1.055090229529146,0.03535495618070885,38.937643497735664,0.3992273821898437,0.67495108516603,0.0,0.0,0.07566551187692794
12,CC(C)(C)CP(C(C)(C)C)C(C)(C)C,4.051548602263087,6.065465870981383,0.8993043290000001,5.3270952023252915,6.694605808,181.48670476824995,177.3923379441792,0.662006281815137,0.05829136101213091,3.151359101697911e-05,1.2438030159999998,6.709054441929598,2.4131669538717033,34.44007379981623,63.45436316477379,267.98710426147824,-6.694605808,17.75178526476867,0.0,88.16726903611271,0.0,17.786842892635377,316.8045916250149,26.74714893458609,7.499324480178079,200.58561829089768,5634.9534863319595,22.943829349066455,0.8908662483144969,17.81007452771561,14.406556697905607,88.16730054970374,53.72722419649234,426.8715267094641,4.110273444110432,712.1143205568065,3.5438982320345045,63.51265452578592,269.25057070023803,4.093518096182123,6.092179617235681,0.9183,5.411065185295,6.7321,181.50542,178.4025682341907,0.6906098753999975,0.3963012020396782,0.3501510112997679,1.2542,6.752132645602673,5.559872746262544,49.46165414457043,63.4548159971767,269.1127120921813,-6.6946,17.75196266783617,0.0,96.28023291352328,0.0,17.83190507109908,316.80549973184844,26.940799737589423,9.89862262141844,266.6768097216066,5634.966506146571,23.79033994661172,0.8925424358520334,17.97342510427011,14.779703652538586,96.63038392482304,56.467575645030635,428.76152970733045,5.699983836018926,712.8467019085497,5.147825590729139,63.51309558571195,269.8654543794544,4.008516688189409,6.0621237127133,0.8885,5.293864896749,6.6946,181.486699,169.03318908305977,0.6425970743786498,0.0,0.0,1.2422,6.695144442567397,2.4127749653592154,30.875754936405002,61.35675080990783,267.48684375470907,-6.7321,17.169166782483707,0.0,87.34333058143564,0.0,17.745061126861835,312.5053688246868,26.74708207535974,7.298984357207539,195.5828579346181,5545.42687226657,22.794788913872402,0.8829643296190223,17.169166782483707,12.413552358007566,87.34333058143564,47.168729780252605,425.97154170215464,4.109988344918915,710.7626061458164,3.5436298354044973,61.7530520119475,268.57259459780494,0.24726226709113133,0.06126445705983603,0.002609825814435904,0.03465807148358788,0.008112921027502717,0.0018367225874455285,8.184582980126057,0.33630434349250193,0.27817887687889087,0.652687114677963,0.027681021886576212,0.0907158724919116,1.2349311969651435,0.08847656261215778,0.0,1.3494555945387157,0.0005605118517034166,1.1269086455956867,0.0,0.20153683929631724,0.0,0.014394827430900505,1.9546609979308327,0.16924068319020366,1.2356868152268548,21.776516505089226,12.328990345495912,0.07305170424349589,0.004726971944012425,0.49325726478369614,0.2365392661377862,1.055090229529146,0.03535495618070885,38.937643497735664,0.3992273821898437,0.67495108516603,0.0,0.0,0.07566551187692794
14,CP(C(C)(C)C)C(C)(C)C,3.378352277301855,4.843667583095758,0.7526000340000001,5.47562402892815,6.660700327000001,134.89458798171,164.44303352530713,0.7238659757265686,0.0,0.0,1.1627000560000003,6.746732067963968,4.604080500733872,37.758323603906504,54.26993687541455,196.88762742689127,-6.660700327000001,15.81707834695997,0.0,66.88107080962119,0.0,16.882522517653033,246.30300714349292,23.828044987502633,11.69837318880994,278.74936236210084,4158.216064217065,25.41200496072623,0.8681094228619899,15.81707834695997,11.212992367944775,66.88107080962119,28.785421746613796,349.8212350231871,9.839977695848377,551.0381206660684,8.60148237937513,54.26993687541455,199.30315591216282,3.4059727939345192,4.84429013026253,0.756,5.483556164647,6.6934,134.894588,164.44303634777,0.7238660097006905,0.0,0.0,1.1683,6.82419604488778,4.604087494284496,37.75834063876973,54.26995284402181,200.11316522723746,-6.6607,15.817080328465979,0.0,67.6451878147873,0.0,16.886942880180243,246.30301814029795,23.828047602463343,11.7983582760341,278.74936938961173,4158.216239031888,25.41201460552926,0.8766838245112556,15.817080328465979,11.212992834181483,67.6451878147873,31.590333499304407,349.821236723317,10.39997050782401,551.0381228841146,8.959742459031522,54.26995284402181,200.1131652272375,3.3783520010939263,4.843667576870224,0.7526,5.475623949606,6.6607,134.892759,164.16079006017975,0.7204685975113696,0.0,0.0,1.1627,6.7467312933164525,3.904732431861536,36.0548543154829,52.67309211815605,196.8875951711907,-6.6934,15.61892972744614,0.0,66.88106316837472,0.0,16.882522473448965,245.20333763546068,23.566551531321508,11.698372188949069,278.0466182971512,4140.734756679575,24.447534302102518,0.8681093371171159,15.61892972744614,11.166369163353284,66.88106316837472,28.785393697215774,349.65122373338454,9.839972095864256,550.8163182518853,8.601478796738506,52.673092118156056,199.30314781198868,0.24726226709113133,0.06126445705983603,0.002609825814435904,0.03465807148358788,0.008112921027502717,0.0018367225874455285,8.184582980126057,0.33630434349250193,0.27817887687889087,0.652687114677963,0.027681021886576212,0.0907158724919116,1.2349311969651435,0.08847656261215778,0.0,1.3494555945387157,0.0005605118517034166,1.1269086455956867,0.0,0.20153683929631724,0.0,0.014394827430900505,1.9546609979308327,0.16924068319020366,1.2356868152268548,21.776516505089226,12.328990345495912,0.07305170424349589,0.004726971944012425,0.49325726478369614,0.2365392661377862,1.055090229529146,0.03535495618070885,38.937643497735664,0.3992273821898437,0.67495108516603,0.0,0.0,0.07566551187692794
30,CC(C)(C)P(C1CCCCC1)C(C)(C)C,3.9701866823274754,6.578539820162752,0.9227903890961091,5.270164254080923,6.630326827731722,188.1294846910931,176.35030682120038,0.6489061448893053,0.0,0.0,1.2494334766652333,7.449016669071384,1.9081946342692986,49.656812254911095,59.95419939923522,273.38908570921944,-6.630326827731722,16.441012450023692,0.0,102.19219356126952,0.0,18.05679254502553,322.49877902466653,26.702438036532637,9.015907278324256,240.74525065516957,5823.293347341627,29.797975790913,0.8272117818178023,16.441012450023692,13.794029779348094,102.19219356126952,52.5348290067093,436.6277388881737,5.187050419941247,725.7045582188589,4.9519658032087985,59.95419939923522,274.8137797010162,4.054325632346401,6.805332995700253,0.9309,5.340030071526,6.6547,188.138694,176.8139316608871,0.6752673544604388,0.0,0.0,1.2549,7.458370189866765,4.219442209951868,54.14031722115737,60.482556981879114,275.7055831026566,-6.6047,16.621338650252387,0.0,102.59138055909011,0.0,18.16443827577242,326.80758981265694,26.970698956819614,10.79849740518375,291.2430227012087,5924.5083128997785,30.963669851952677,0.8642889351002004,16.621338650252387,13.870542071388737,102.59138055909011,55.61461810145616,437.1311520771411,7.1799796390554285,726.8746729444487,6.653893532540688,60.48255698187913,275.7055831026566,3.8924496555888934,6.514849609116835,0.9002,5.111610061833,6.6047,188.097796,167.4865638257973,0.6250927931115507,0.0,0.0,1.2398,6.723098945599256,1.7950113268856018,29.887375076230825,58.326212206074985,272.95689875909204,-6.6547,16.015230929485817,0.0,91.43947036878387,0.0,18.03001435769273,320.60633521485676,26.300439866430736,8.798775663483061,234.04134830651,5780.536827091115,26.16074226503377,0.8155260019021386,16.015230929485817,11.947315649725592,91.43947036878387,48.193083446770125,433.51116209464385,5.059985650922067,721.799417046069,4.7969215245850405,58.32621220607499,273.8319904499298,0.24726226709113133,0.06126445705983603,0.002609825814435904,0.03465807148358788,0.008112921027502717,0.0018367225874455285,8.184582980126057,0.33630434349250193,0.27817887687889087,0.652687114677963,0.027681021886576212,0.0907158724919116,1.2349311969651435,0.08847656261215778,0.0,1.3494555945387157,0.0005605118517034166,1.1269086455956867,0.0,0.20153683929631724,0.0,0.014394827430900505,1.9546609979308327,0.16924068319020366,1.2356868152268548,21.776516505089226,12.328990345495912,0.07305170424349589,0.004726971944012425,0.49325726478369614,0.2365392661377862,1.055090229529146,0.03535495618070885,38.937643497735664,0.3992273821898437,0.67495108516603,0.0,0.0,0.07566551187692794
31,CC(C)(C)P(c1ccccc1)C(C)(C)C,3.8863898934862404,6.447252699427376,1.076099755,3.1058897005996604,6.710198965,185.9036288312,175.55820252661047,0.6534596142747857,0.0,0.0,1.345099746,7.446748953148109,3.1937218014090547,40.847455199745355,59.49177728472837,266.48349410045057,-6.710198965,16.190066314875427,0.0,91.17551972078161,0.0,18.668436082931844,307.9788310856388,26.843836018458017,9.498676273356562,254.98091022518503,5749.483123204359,27.313953592270803,0.8509468728449336,16.190066314875427,12.553423137373803,91.17551972078161,50.22433453221737,425.13204048244785,5.549995561354814,694.2848097104583,5.225129084567759,59.49177728472838,266.48351091000694,3.9708628571562437,6.523979422739375,1.0761,3.203485390667,6.7102,185.903629,175.55827439606296,0.6534600217304805,0.0,0.0,1.3451,7.446753469066883,3.228689204852671,40.847459119908095,59.49180397677992,266.48351250623637,-6.6067,16.19006969509156,0.0,91.96262321101332,0.0,18.66843612090483,307.97888008140865,26.84384577383081,9.498678273078303,254.98105461775154,5749.484049387586,27.31395635955191,0.8531328300104755,16.19006969509156,12.553423370492158,91.96262321101332,51.04528307841496,425.1320718816398,6.679981056948508,694.2848532981238,6.196426272907047,59.49180397677993,266.48351250623637,3.886389048748156,6.44725193215247,1.0516,3.105888724633,6.6067,185.886749,168.37132914586422,0.6127144522532498,0.0,0.0,1.3197,6.995161591679437,3.1937214517315233,40.455442845859224,56.822598821865625,264.64293392722806,-6.7102,15.852048081587128,0.0,91.175511849668,0.0,18.66463882219513,303.0793030902854,25.868308494396867,9.298706098908236,240.54179796528786,5656.865726662785,27.037228248470328,0.8509468509851433,15.852048081587128,12.530111535078062,91.175511849668,50.224326322649816,421.9921526892838,5.549984261386858,689.9260867390848,5.225119371498745,56.82259882186562,266.32388956292834,0.24726226709113133,0.06126445705983603,0.002609825814435904,0.03465807148358788,0.008112921027502717,0.0018367225874455285,8.184582980126057,0.33630434349250193,0.27817887687889087,0.652687114677963,0.027681021886576212,0.0907158724919116,1.2349311969651435,0.08847656261215778,0.0,1.3494555945387157,0.0005605118517034166,1.1269086455956867,0.0,0.20153683929631724,0.0,0.014394827430900505,1.9546609979308327,0.16924068319020366,1.2356868152268548,21.776516505089226,12.328990345495912,0.07305170424349589,0.004726971944012425,0.49325726478369614,0.2365392661377862,1.055090229529146,0.03535495618070885,38.937643497735664,0.3992273821898437,0.67495108516603,0.0,0.0,0.07566551187692794
78,CC(C)P(C(C)C)C(C)(C)C,3.6415600323917743,4.870474402514447,0.802064047,5.415782999393847,6.696119533,146.61264271961,168.6794202079288,0.6765716914204517,0.0,0.0,1.192317491,6.73313741882316,2.7681658777531606,16.595345400144502,56.961571163094995,215.8867120512318,-6.696119533,15.716006387746834,0.0,64.7682314262264,0.0,17.153427531863073,265.12127393535303,24.881815791338557,10.902128985003909,271.2675712569418,4547.754263998323,25.059553910489946,0.8733414424709115,15.716006387746834,12.302520300554578,64.7682314262264,43.7363497749875,373.42168041528276,7.8489967418606135,594.7037778731235,6.8194920539172355,56.961571163095,217.94085747143146,3.9661574021752193,4.880816439580146,0.8425,5.487009867445,6.7347,146.640295,177.0182980231743,0.6930194802456854,0.0,0.0,1.2126,6.76494525037786,5.524904993141396,25.033477086681714,58.780792996649915,218.92894758464303,-6.6311,16.213381530505657,0.0,66.91815294505992,0.0,17.216881013949113,266.50435160554355,25.562645349295998,11.498400014779001,293.92952166213547,4584.915177867905,30.921029453815756,0.897725440499056,16.213381530505657,13.380993527692665,66.91815294505992,49.17044204967159,376.8412668366049,8.75997515851331,598.6759154852972,7.781958836077236,58.78079299664991,218.92894758464303,3.1313500407468773,4.837779386719534,0.7455,5.244565471255,6.6311,146.58769,166.98960103132342,0.6648195243823695,0.0,0.0,1.1556,6.693377807421507,1.8299790800067477,13.385900771768924,54.980963824151814,214.9950386978171,-6.7347,15.094413430628919,0.0,63.76376329285665,0.0,17.077844573285287,261.4039400887659,24.328520451894104,10.298566969758577,255.41392427807904,4483.0066950073515,22.404559403795037,0.8163460133813472,15.094413430628919,10.455358183223275,63.76376329285665,34.794046381240555,370.18125804208006,5.719983779303213,591.7902895206998,4.985272673969323,54.98096382415182,217.27116765814816,0.24726226709113133,0.06126445705983603,0.002609825814435904,0.03465807148358788,0.008112921027502717,0.0018367225874455285,8.184582980126057,0.33630434349250193,0.27817887687889087,0.652687114677963,0.027681021886576212,0.0907158724919116,1.2349311969651435,0.08847656261215778,0.0,1.3494555945387157,0.0005605118517034166,1.1269086455956867,0.0,0.20153683929631724,0.0,0.014394827430900505,1.9546609979308327,0.16924068319020366,1.2356868152268548,21.776516505089226,12.328990345495912,0.07305170424349589,0.004726971944012425,0.49325726478369614,0.2365392661377862,1.055090229529146,0.03535495618070885,38.937643497735664,0.3992273821898437,0.67495108516603,0.0,0.0,0.07566551187692794
87,CCP(C(C)(C)C)C(C)(C)C,3.6103036295335094,4.8785988677284,0.8458653256532566,5.404078592861906,6.690633926339264,146.569683198182,173.071813778519,0.6761666944083606,0.0,0.0,1.2146987829878304,6.7421467491542835,2.1874550809448285,25.5716195929131,58.51877676923253,215.89352163461677,-6.690633926339264,15.999539343034373,0.0,66.83658992769773,0.0,17.15359140545192,265.28304047616587,25.34148148516195,10.531001951450627,266.85956051259546,4550.554435860519,25.186653779282732,0.8711655135121921,15.999539343034373,13.225647264752627,66.83658992769773,40.74388594179361,373.28859137011256,6.742893707669461,594.6169930294006,5.75671418367844,58.51877676923254,217.53413790779155,3.64593833541776,4.879910837836675,0.8459,5.405469892924,6.7072,146.604549,173.33645007824148,0.6872153956366228,0.0,0.0,1.2148,6.831472939118427,4.522496070335151,29.45159611413778,58.61761014875122,217.67164603066516,-6.62,16.143446024263362,0.0,68.21546309504828,0.0,17.18409675050627,265.40370448098895,25.362439133556048,11.098455666438857,277.25528345353024,4552.31191045991,31.0877837086383,0.8761648931726701,16.143446024263362,13.299402103743319,68.21546309504828,45.03086069071499,373.41127156248336,8.51997583910198,594.76811181997,7.626747555741777,58.617610148751226,217.89572771147903,3.5472326833773344,4.8467322212611,0.7509,5.335307974236,6.62,146.569274,160.65576723169283,0.6755309023279393,0.0,0.0,1.1571,6.728327812909685,2.109721104975934,21.98095481514966,54.94599607103068,215.5783587568372,-6.7072,15.700521151395487,0.0,66.81666401370322,0.0,17.125969863421794,260.20360898220196,24.202348021275874,10.198580882673546,246.82960384559607,4456.239165782779,24.631172926720367,0.8142681470127388,15.700521151395487,11.62094995392821,66.81666401370322,37.7309800849448,366.5712784070371,6.659981113664221,587.5114657801946,5.679688104689259,54.94599607103068,217.1257573506228,0.24726226709113133,0.06126445705983603,0.002609825814435904,0.03465807148358788,0.008112921027502717,0.0018367225874455285,8.184582980126057,0.33630434349250193,0.27817887687889087,0.652687114677963,0.027681021886576212,0.0907158724919116,1.2349311969651435,0.08847656261215778,0.0,1.3494555945387157,0.0005605118517034166,1.1269086455956867,0.0,0.20153683929631724,0.0,0.014394827430900505,1.9546609979308327,0.16924068319020366,1.2356868152268548,21.776516505089226,12.328990345495912,0.07305170424349589,0.004726971944012425,0.49325726478369614,0.2365392661377862,1.055090229529146,0.03535495618070885,38.937643497735664,0.3992273821898437,0.67495108516603,0.0,0.0,0.07566551187692794
88,CCCCP(C(C)(C)C)C(C)(C)C,3.9573971510895043,7.259482543380858,0.920879926,5.408763023319707,6.7112094209999995,169.90328153574995,176.251129577112,0.6746840976086136,0.005236421029891924,0.05416716653649925,1.2575237860000001,6.7433916321116225,2.1729222882038055,31.166482739837424,58.62581812944135,252.63566120432984,-6.7112094209999995,15.981650813367695,0.0,82.21828319064437,0.0,17.39449058554968,313.7055295276725,26.112248361703177,10.308858537702239,269.1732109002736,5456.69551192974,25.25718366152462,0.870549836313761,15.986668919058934,13.251016524394522,82.2714275058015,51.102762452996004,432.5044344723475,6.535011468052425,695.1470889566257,5.7265268138412555,58.631054550471234,252.85678137628702,4.004536566566287,7.384424666499864,0.9764,5.45873349707,6.7629,169.934365,186.36646457184435,0.7070282879772208,0.780946486372307,7.95934654754055,1.2871,8.174812208221944,4.56911974116335,40.400469424765475,62.07941770774489,253.82703922678832,-6.5952,17.588779819937482,0.0,85.08178329189009,0.0,17.631623862328652,319.4055719923633,26.869148590088063,11.098455666438857,283.91629201727443,5592.247230946128,31.219077545084225,0.8814463016146549,18.311446717774544,14.033724919287428,85.08178329189009,54.40652774605273,434.7512779034434,8.50997586745985,698.3835163976736,8.32060587435744,62.720493181632605,253.82703922678832,3.8399566072492775,6.279878745748331,0.8276,5.314709066669,6.5952,169.889813,160.86827176055814,0.6461965645219727,0.0,0.0,1.1947,6.6980064110055455,1.643484396693962,22.125667050968623,55.00427565956592,243.32715450611346,-6.7629,15.28090811394171,0.0,71.30505033675215,0.0,17.365932078307868,303.1054777527674,24.696460557833305,8.398831315142917,220.20164097096344,5313.3204852211775,23.99647289763018,0.8129936879635161,15.28090811394171,11.585982200807061,77.52800540972318,44.413761089477276,415.29135755419225,5.2199851971962925,678.858305082028,4.2493456650496855,55.00427565956592,252.45737244002865,0.24726226709113133,0.06126445705983603,0.002609825814435904,0.03465807148358788,0.008112921027502717,0.0018367225874455285,8.184582980126057,0.33630434349250193,0.27817887687889087,0.652687114677963,0.027681021886576212,0.0907158724919116,1.2349311969651435,0.08847656261215778,0.0,1.3494555945387157,0.0005605118517034166,1.1269086455956867,0.0,0.20153683929631724,0.0,0.014394827430900505,1.9546609979308327,0.16924068319020366,1.2356868152268548,21.776516505089226,12.328990345495912,0.07305170424349589,0.004726971944012425,0.49325726478369614,0.2365392661377862,1.055090229529146,0.03535495618070885,38.937643497735664,0.3992273821898437,0.67495108516603,0.0,0.0,0.07566551187692794
110,C[Si](C)(C)P([Si](C)(C)C)[Si](C)(C)C,4.5530696530750125,5.4513409354202045,0.556212236,4.079909572888084,5.75724268,214.26040947437,182.63914708261663,0.7281486058069866,0.0,0.0,0.957987327,7.111060813289349,1.3175261917796137,12.688896597013478,59.84362083512735,313.55740256957586,-5.75724268,15.93440355094217,0.0,82.80150802362398,0.0,19.92698269745705,360.92218598668006,31.498407887275974,15.796490941833808,497.5651960863036,7192.088006809972,30.648854662296234,0.8203270072064197,15.93440355094217,13.800810310587961,82.80150802362398,70.11238634780727,466.81814650801743,9.290935052820322,795.8215756118911,9.22250891634214,59.84362083512735,313.55740256957586,4.553181097958456,5.479846446810386,0.572,4.080432071523,5.7871,214.278571,184.0134178056857,0.7620059054889273,0.18649468331278973,0.32783252522229744,0.9693,7.194130632700528,4.242754045365967,19.632209155018018,60.33103005168748,313.6990751690345,-5.7214,16.73789782732288,0.0,85.93401375227486,0.0,20.222891407012007,372.3109908257586,31.50135856634866,15.797801759435494,497.65221778407124,7529.20473710636,31.991925247283397,0.8251929529481884,16.92439251063567,13.847230235974637,85.93401375227486,70.11316889696475,470.79152710684366,10.639969827235342,801.3562979273705,10.464594780414572,60.50586881729322,313.6990751690345,4.2620615883915836,5.4513197786851055,0.5557,3.960867166508,5.7214,214.191712,179.45275026255948,0.7225538042249864,0.0,0.0,0.9551,7.110884151204042,1.3171187008965752,12.688525912067064,59.64333090697157,312.21125982808235,-5.7871,15.933639505536473,0.0,82.7589521527608,0.0,19.778144408851567,360.90775102510474,30.341916606326365,14.897926975670176,452.0316579029244,7192.0382832021205,30.181754040173153,0.8057712448403233,15.933639505536473,12.681638465269703,82.7589521527608,66.30180459725685,466.8116355718747,9.289973655546648,795.8180986189514,9.221310227350317,59.64333090697157,313.1178123281924,0.24726226709113133,0.06126445705983603,0.002609825814435904,0.03465807148358788,0.008112921027502717,0.0018367225874455285,8.184582980126057,0.33630434349250193,0.27817887687889087,0.652687114677963,0.027681021886576212,0.0907158724919116,1.2349311969651435,0.08847656261215778,0.0,1.3494555945387157,0.0005605118517034166,1.1269086455956867,0.0,0.20153683929631724,0.0,0.014394827430900505,1.9546609979308327,0.16924068319020366,1.2356868152268548,21.776516505089226,12.328990345495912,0.07305170424349589,0.004726971944012425,0.49325726478369614,0.2365392661377862,1.055090229529146,0.03535495618070885,38.937643497735664,0.3992273821898437,0.67495108516603,0.0,0.0,0.07566551187692794
254,CC(C)(C)P([Si](C)(C)C)[Si](C)(C)C,4.239688999025267,5.430688162895038,0.7144979189999999,3.8410879408071676,5.903890506000001,199.50752430256,179.59748893692768,0.685160361731095,0.0,0.0,1.0550978659999999,7.206953985696935,1.8300907436983813,26.82894497335606,60.48267307481949,289.563529364925,-5.903890506000001,16.34161655690248,0.0,85.38136860317857,0.0,19.14470754100716,338.2060415995798,28.512310321619015,12.098159559132482,344.9465042637868,6474.855827967218,28.996616206942573,0.8373125749005818,16.34161655690248,13.649067163122853,85.38136860317857,57.79880101825845,443.3614713135364,7.900511495775366,748.5390655661754,7.611990977342684,60.482673074819495,291.35066679413814,4.242001783647729,5.4306933515928915,0.7188,3.84110029316,5.9039,199.507533,179.59978965518656,0.7029779512900814,0.0,0.0,1.0551,7.206967859181172,2.1213770226829816,26.962583183076433,60.797266759969446,292.51695510905256,-5.8779,16.446499884646645,0.0,85.42675871979952,0.0,19.144773314286383,338.2070735920491,28.943323367939204,12.098316537289206,347.2715580956508,6474.897757207952,29.33602666153499,0.8378759954831775,16.446499884646645,13.6490796349548,85.42675871979952,59.87784528118733,444.1815818823952,8.659975442091918,748.6211041768443,8.343379906135091,60.79726675996945,292.51695510905256,4.2387125684046945,5.404850425330183,0.7103,3.790818143588,5.8779,199.492876,176.50475896215897,0.6851518079958631,0.0,0.0,1.0522,7.1700249223645685,1.8299790800067477,24.88016738038707,60.48255698187912,289.5628531092159,-5.9039,16.341596625283202,0.0,84.7580126615744,0.0,19.062551310823387,336.40778771115174,28.274730538803237,11.898344363119138,336.42248072508204,6424.444737019602,28.941022412309636,0.8338722296477558,16.341596625283202,13.6257677995407,84.7580126615744,57.79835109713101,443.0115659296895,7.899977597289393,748.0338509131733,7.611472751603799,60.48255698187913,291.35031464309776,0.24726226709113133,0.06126445705983603,0.002609825814435904,0.03465807148358788,0.008112921027502717,0.0018367225874455285,8.184582980126057,0.33630434349250193,0.27817887687889087,0.652687114677963,0.027681021886576212,0.0907158724919116,1.2349311969651435,0.08847656261215778,0.0,1.3494555945387157,0.0005605118517034166,1.1269086455956867,0.0,0.20153683929631724,0.0,0.014394827430900505,1.9546609979308327,0.16924068319020366,1.2356868152268548,21.776516505089226,12.328990345495912,0.07305170424349589,0.004726971944012425,0.49325726478369614,0.2365392661377862,1.055090229529146,0.03535495618070885,38.937643497735664,0.3992273821898437,0.67495108516603,0.0,0.0,0.07566551187692794
274,CC(C)CP(C(C)(C)C)C(C)(C)C,3.9762727604966157,6.0295371319773015,0.8776262470000001,5.353992686693689,6.725025114,169.87746095054,179.04416249070178,0.6898365978297247,0.3801684794597054,0.46555830688816313,1.2355696040000002,6.727751045408875,3.3416580095918635,27.422647047804343,61.00613777474118,249.196446974817,-6.725025114,16.67587983630145,0.0,78.66739487039325,0.0,17.57021954076866,306.20825831207276,26.518189362072864,9.956509566536326,264.0179531078248,5380.185352325426,23.88496645344742,0.8823897857176841,17.06649260082256,13.474050178535373,79.14794790141383,51.72518352462032,417.57598103556523,5.906495650393931,682.4181351986992,5.145257041191263,61.38630625420089,252.6092421853073,4.04953214534522,6.079381580709343,0.9058,5.448578650161,6.7728,169.9005,179.05393106112962,0.6945350963054351,0.44292487286787563,0.7318273859351144,1.2456,7.2426267212208595,4.079571197467276,35.67135490291702,63.41984824405556,252.64183606863702,-6.5951,17.75196266783617,0.0,80.6514320286852,0.0,17.666880345355047,309.70584197041853,26.777453789761886,10.09859479558851,264.8463649346866,5471.536052348823,31.973018730476603,0.8903617198136965,17.84521000949257,14.383402450498908,80.6514320286852,55.09064125536402,419.681433611507,8.21997668983783,684.0728646902288,7.86714143984936,63.5014396680049,253.38047711142343,3.9013414611325588,5.315312515865866,0.7757,5.212784821356,6.5951,169.861895,164.97024120724012,0.6512188572208271,0.0,0.0,1.167,6.709858427657945,2.4127749653592154,15.30984832862707,55.388920943898555,249.16707249595203,-6.7728,15.852048081587128,0.0,70.14376696822153,0.0,17.55902351269431,294.2049976554819,24.926419870144045,7.698928705547675,205.80770636341,5171.027638707502,22.99381355284597,0.8054710779611991,15.852048081587128,11.772476884119852,70.14376696822153,44.98007712576819,406.4914548391602,4.139988259845332,669.530199153623,3.4178370713247035,55.38892094389855,252.4537892272915,0.24726226709113133,0.06126445705983603,0.002609825814435904,0.03465807148358788,0.008112921027502717,0.0018367225874455285,8.184582980126057,0.33630434349250193,0.27817887687889087,0.652687114677963,0.027681021886576212,0.0907158724919116,1.2349311969651435,0.08847656261215778,0.0,1.3494555945387157,0.0005605118517034166,1.1269086455956867,0.0,0.20153683929631724,0.0,0.014394827430900505,1.9546609979308327,0.16924068319020366,1.2356868152268548,21.776516505089226,12.328990345495912,0.07305170424349589,0.004726971944012425,0.49325726478369614,0.2365392661377862,1.055090229529146,0.03535495618070885,38.937643497735664,0.3992273821898437,0.67495108516603,0.0,0.0,0.07566551187692794
297,CC(C)(C)P(N[Si](C)(C)C)C(C)(C)C,3.9973750014823004,6.241638472540436,1.155810381103811,5.135866131418219,6.512339327393273,193.7408305291053,186.06710641983355,0.6610763453783093,1.1663143282691715,3.0364123728397785,1.3721810718107181,6.694647305364014,3.5134534653066485,45.24390699327766,63.39312492053209,282.4248687498841,-6.512339327393273,18.01946131097123,0.0,100.4880109184886,0.0,18.79532378344678,348.1146344529931,28.313261361914776,10.227759114389018,289.59201330579026,6542.935965294298,23.26167551245046,0.8873508409530525,19.18577598892143,13.83189357576663,102.92049103698237,53.48538000182757,452.09943348916516,5.426198974560077,755.5861710109754,4.926243152553606,64.55943924880124,285.4612811227239,3.997744107572843,6.3100934551738845,1.1743,5.176394060678,6.5222,194.072357,187.56041934723183,0.7101809628538348,1.7833554091785517,4.540233955935763,1.382,8.017022185864947,5.81630293581763,46.66141485584128,63.443160079469656,284.1083895482121,-6.2797,18.02004877509831,0.0,103.95063375741819,0.0,18.797445358916207,351.30891534161447,28.6846820153062,11.498400014779001,329.82794810872775,6602.207602483798,29.156790363794705,0.8911866926422904,19.197296463510295,13.835574318267588,104.31858215324431,53.9486622999426,453.22155586783407,8.449976037607017,757.4339121211868,8.512079748200192,64.56212817934639,285.47629392465996,3.9446066039520735,6.240468382954601,1.0305,4.691964446412,6.2797,193.734214,164.73135861886848,0.6607087104011873,0.0,0.0,1.2726,6.688753812615824,3.4734634767007098,42.27543398017996,54.200017337779514,280.92954402915655,-6.5222,15.712177069102536,0.0,98.23135140410348,0.0,18.606105147872057,331.10594875828247,25.555968244999434,10.198580882673546,263.18985044815025,6160.592097682541,22.794437600339503,0.8344270019211796,15.712177069102536,10.979874480040495,102.8126734501382,52.21217685259657,439.8314684379207,5.189985282269876,738.1628182515137,4.793023213418595,54.200017337779514,284.1083895482121,0.24726226709113133,0.06126445705983603,0.002609825814435904,0.03465807148358788,0.008112921027502717,0.0018367225874455285,8.184582980126057,0.33630434349250193,0.27817887687889087,0.652687114677963,0.027681021886576212,0.0907158724919116,1.2349311969651435,0.08847656261215778,0.0,1.3494555945387157,0.0005605118517034166,1.1269086455956867,0.0,0.20153683929631724,0.0,0.014394827430900505,1.9546609979308327,0.16924068319020366,1.2356868152268548,21.776516505089226,12.328990345495912,0.07305170424349589,0.004726971944012425,0.49325726478369614,0.2365392661377862,1.055090229529146,0.03535495618070885,38.937643497735664,0.3992273821898437,0.67495108516603,0.0,0.0,0.07566551187692794
357,CC(C)=CCP(C(C)(C)C)C(C)(C)C,3.7686120150919784,6.965428393759271,0.9945003880000002,4.220422278369602,6.458980439000003,180.70305633178,180.30007433368854,0.7235803935522814,0.5393845854443335,2.2407553647830154,1.2711137850000003,6.753768539521237,3.7607311449374516,57.12538168849596,59.54347605868542,263.17485289490946,-6.458980439000003,16.58476389575697,0.0,97.53631940620653,0.0,17.860113000633405,321.91712126863996,26.49329534299919,10.28360905113066,272.4491823894186,5749.568553328935,25.03980900207714,0.8720259173083573,17.124144051952577,13.0666885596243,99.74925552285389,42.59313752353852,439.70135868766613,6.618252131999031,717.3832007322233,5.874880261395041,60.082860644129745,266.8970486495236,3.973554934076775,7.03838821761363,1.066,4.295612628984,6.5041,180.711976,190.2503086601718,0.8453721074177928,1.7017639852292061,11.842684738572201,1.3062,8.518834035977013,6.2825396440996055,68.00325345830007,62.40578340354227,267.3553853522353,-6.3598,18.031704692805356,0.0,105.51767533985489,0.0,18.016659136584565,326.7943969816835,27.707381532189284,11.498400014779001,318.5905562192127,5866.072334468788,29.991972334224865,0.8766175312813714,19.395447064530135,13.602455964126602,105.51767533985489,53.6198485468428,447.9017320183756,8.719975271944751,725.0444670794308,8.7938307447733,63.664622515903595,268.57620921903816,3.5420433639211604,6.048410906701617,0.959,4.012574508682,6.3598,180.680608,163.52470262255048,0.5484715124780867,0.0,0.0,1.2473,6.71255133135458,2.214624364339377,37.96479544442095,55.05089933039412,250.8952856626667,-6.5041,15.59561789203204,0.0,80.26017306339533,0.0,17.769381675564414,315.5988043171982,24.772879430513548,9.498678273078303,255.12515784889848,5643.9894362982095,24.49730097960437,0.8259053912386134,15.59561789203204,11.59763811851411,90.2947818699054,37.51442188155483,429.3716553128687,5.929983183788114,706.6077672290777,5.006224464122275,55.05089933039412,266.7731429184812,0.24726226709113133,0.06126445705983603,0.002609825814435904,0.03465807148358788,0.008112921027502717,0.0018367225874455285,8.184582980126057,0.33630434349250193,0.27817887687889087,0.652687114677963,0.027681021886576212,0.0907158724919116,1.2349311969651435,0.08847656261215778,0.0,1.3494555945387157,0.0005605118517034166,1.1269086455956867,0.0,0.20153683929631724,0.0,0.014394827430900505,1.9546609979308327,0.16924068319020366,1.2356868152268548,21.776516505089226,12.328990345495912,0.07305170424349589,0.004726971944012425,0.49325726478369614,0.2365392661377862,1.055090229529146,0.03535495618070885,38.937643497735664,0.3992273821898437,0.67495108516603,0.0,0.0,0.07566551187692794
424,CC(C)N(C(C)C)P(N(C(C)C)C(C)C)C(C)(C)C,4.376442351569978,5.696065523924617,1.4834891371086292,4.978058096082414,6.068765804341957,235.22818973747263,185.41828576234658,0.6804814342342579,0.5360853788057102,1.0057059881568426,1.5548800041999578,7.976535191298513,3.6827569070610204,37.56108795221888,63.73079716134714,346.4797660256694,-6.068765804341957,17.417061778531384,0.0,105.62273072848765,0.0,18.854004522551097,381.7039868311248,29.90220782038583,9.693908154560857,289.8680126509163,7196.648391761417,25.0487553194868,0.8746007966603543,17.8943101883909,13.674185414723745,105.78743879207195,65.84790462622105,490.4183421500458,4.2360827263938035,867.5307054556796,4.301961766944672,64.26688254015285,347.49167153905887,4.388026392012257,5.719681774912056,1.5324,5.303824375739,6.3343,235.352841,193.40403413985098,0.7694108135450138,1.655140314401009,2.9118651300880027,1.5935,8.217067345242256,7.121765719007158,49.33635515408647,67.62763453630038,349.7529484025823,-6.0245,19.383791146823082,0.0,111.84656741550893,0.0,19.03452512506511,381.7062947162921,30.91503978801994,9.698650447248372,290.00379581082143,7240.220335833039,31.052040164922143,0.8893685498478021,20.246329057144735,15.176004854578263,113.48545685637784,68.24961622617099,493.04182504390496,5.419984630039049,870.4329461965339,5.413358620145973,69.17787159133795,349.85857246213675,4.227463133168513,5.5926032870947555,1.447,4.68733036812,6.0245,235.175388,178.4003285301474,0.6067511845888723,0.034967753121148075,0.10562405955442947,1.5408,7.773476505586439,2.785764331984794,35.31863374902716,62.73214909933965,342.7533540634187,-6.3343,16.982672099170916,0.0,103.39381866368568,0.0,18.797328334937884,374.9069563279327,29.253472280342187,6.0991513121871215,188.5555054894189,7047.249153148368,23.38085284435089,0.8154967528590983,16.982672099170916,13.124563338137577,103.90236495898816,59.91896050673213,485.8818580435331,1.8399947821534854,860.182641441201,1.810083720853751,62.767116852460795,346.9953889298067,0.24726226709113133,0.06126445705983603,0.002609825814435904,0.03465807148358788,0.008112921027502717,0.0018367225874455285,8.184582980126057,0.33630434349250193,0.27817887687889087,0.652687114677963,0.027681021886576212,0.0907158724919116,1.2349311969651435,0.08847656261215778,0.0,1.3494555945387157,0.0005605118517034166,1.1269086455956867,0.0,0.20153683929631724,0.0,0.014394827430900505,1.9546609979308327,0.16924068319020366,1.2356868152268548,21.776516505089226,12.328990345495912,0.07305170424349589,0.004726971944012425,0.49325726478369614,0.2365392661377862,1.055090229529146,0.03535495618070885,38.937643497735664,0.3992273821898437,0.67495108516603,0.0,0.0,0.07566551187692794
491,CC(C)P(C(C)(C)C)C(C)(C)C,3.6275347757342242,4.868797122544543,0.7972429358587172,5.280455321938794,6.661707840156802,158.24401373378467,176.25432035948361,0.6507066236554209,0.0,0.0,1.1859286015720314,6.747074248944135,2.0386155543133153,15.821316693460695,59.8988742965715,233.44812082167894,-6.661707840156802,16.449580372188016,0.0,67.2524356522877,0.0,17.38856460665604,275.5521759774366,26.22174122671767,9.411981602616068,246.79486018466417,4791.456658081269,29.759464219333292,0.8276247284056386,16.449580372188016,13.765141560630882,67.2524356522877,45.397128614411486,385.59342905042797,5.235964371467024,626.6751827604334,4.5922226920057785,59.898874296571506,234.6586916637944,4.011676155879329,4.876111312852324,0.8496,5.349232910175,6.6846,158.252493,176.3439281811111,0.6704058472298702,0.0,0.0,1.2129,6.781510279580825,4.102883032881376,16.212204417511693,59.92307293194075,234.9362483361598,-6.6367,16.493123555474842,0.0,67.69796455251783,0.0,17.57554631213919,279.3050239027742,26.31534680678064,10.498539143928653,272.9610448364594,4908.119887462788,30.939835927575057,0.8657715403969363,16.493123555474842,13.788950647439393,67.69796455251783,53.16625257430928,385.65136318898794,7.539978618172411,627.9290995463525,6.574378113325554,59.92307293194076,234.9362483361598,3.6222206678967708,4.853384380670919,0.7786,5.143836296544,6.6367,158.20419,164.69903576754953,0.6390743305750906,0.0,0.0,1.1733,6.713437035877102,2.016473763319537,13.242306326778426,57.89494325091417,231.96559640561514,-6.6846,15.548994221203845,0.0,66.19060991220968,0.0,17.376358582405178,272.30435104684227,25.580525380462298,9.398692185993266,246.53605552697954,4731.65804733907,26.00855019469832,0.8160862800008691,15.548994221203845,11.912347896604444,66.19060991220968,45.297687962282026,382.2113665221598,5.199985253912005,623.0061856365397,4.5599609296771355,57.89494325091416,233.37279454415358,0.24726226709113133,0.06126445705983603,0.002609825814435904,0.03465807148358788,0.008112921027502717,0.0018367225874455285,8.184582980126057,0.33630434349250193,0.27817887687889087,0.652687114677963,0.027681021886576212,0.0907158724919116,1.2349311969651435,0.08847656261215778,0.0,1.3494555945387157,0.0005605118517034166,1.1269086455956867,0.0,0.20153683929631724,0.0,0.014394827430900505,1.9546609979308327,0.16924068319020366,1.2356868152268548,21.776516505089226,12.328990345495912,0.07305170424349589,0.004726971944012425,0.49325726478369614,0.2365392661377862,1.055090229529146,0.03535495618070885,38.937643497735664,0.3992273821898437,0.67495108516603,0.0,0.0,0.07566551187692794
532,CN(C)c1ccccc1P(C(C)(C)C)C(C)(C)C,3.895010734811917,6.031594985478919,1.346285683,2.975223096856843,6.464851707,218.7719142412,196.0545181695681,0.6018669946598583,4.634230629948342,11.792164324002494,1.489986012,8.037995132068133,10.354587879160398,77.45418426952462,66.79385480550062,296.52419768679846,-6.464851707,20.405192105382017,0.0,118.81227345686793,0.0,19.24477273442974,357.1692528302318,29.864926063073575,8.998187915565452,268.7312373371963,6873.641200658372,25.109371825461164,0.8710776122164346,24.655177482093436,14.300463835580981,130.10896869162661,52.64378603136999,472.22170210509466,3.8403681095064184,801.8418316222081,3.510962614740155,71.42808543544896,314.26498952268827,3.9883891867323,6.6497854788960264,1.3463,2.975349996328,6.4649,218.772026,196.07322156157412,0.9836203535917707,4.639055247405644,11.804440942582781,1.49,8.803351505474806,10.362110841566881,77.48386538408676,66.80006437909987,313.5114922313547,-6.3622,20.409511905043427,0.0,118.81594151357831,0.0,19.256641939242368,357.17985901139394,29.866931110038855,9.098733924738161,268.76498174379714,6873.848875928559,31.752058354449357,0.8711433107034473,24.663921868116443,14.301811026549561,130.12439754260717,55.957195764178984,472.23219766735076,5.209985225554148,801.854992801918,5.521725262072831,71.43911962650552,314.26551072873474,3.843871487922298,6.030959280754541,1.3216,2.84419966566,6.3622,218.647142,174.76630389802108,0.6014873232246877,0.0,0.0,1.4641,8.037304193187644,2.879011673641193,47.72615892235845,59.620019071557465,296.51080320948824,-6.4649,16.201725612798608,0.0,115.03360835234811,0.0,19.22942354154049,346.58096401363116,27.59472366219391,8.298845228057887,232.58433043814588,6673.985526967939,25.102676642783184,0.8058954015439607,16.201725612798608,12.35527276947232,115.03360835234811,52.640532158520415,461.3821345655325,3.8399891105811816,787.4460155744813,3.509945077942616,59.620019071557465,313.5114922313547,0.24726226709113133,0.06126445705983603,0.002609825814435904,0.03465807148358788,0.008112921027502717,0.0018367225874455285,8.184582980126057,0.33630434349250193,0.27817887687889087,0.652687114677963,0.027681021886576212,0.0907158724919116,1.2349311969651435,0.08847656261215778,0.0,1.3494555945387157,0.0005605118517034166,1.1269086455956867,0.0,0.20153683929631724,0.0,0.014394827430900505,1.9546609979308327,0.16924068319020366,1.2356868152268548,21.776516505089226,12.328990345495912,0.07305170424349589,0.004726971944012425,0.49325726478369614,0.2365392661377862,1.055090229529146,0.03535495618070885,38.937643497735664,0.3992273821898437,0.67495108516603,0.0,0.0,0.07566551187692794
548,CC(C)(C)CP(CC(C)(C)C)CC(C)(C)C,4.474956136495889,6.060587516932686,1.003994167,5.630055781194525,6.839391552000001,204.8210145385,192.59509212624306,0.7030048479989653,1.4451299336734242,1.4428602597296813,1.317795829,6.294564848170821,3.0320979325036843,18.284926810340103,66.51837954576727,301.370792023277,-6.839391552000001,18.427835135650632,0.22132955897207748,91.72503573800867,0.19817995449081072,18.191339440520487,380.4079844528779,27.89155160715565,7.600248436759975,211.9823235280687,6920.130909437195,10.26563775551345,0.9770783992187272,18.929077711904654,15.826624077325334,92.22049878163716,59.56263655328952,492.9434002579424,2.71092541237346,825.4773345956497,2.296436581903069,67.9635094794407,305.0499127870834,4.474988586204194,6.12707545590607,1.0095,5.694212383476,6.8463,204.855981,192.59635264428553,0.7439354810734597,1.4569897133811698,2.710827402080299,1.3217,7.7066744825780695,8.007615464742909,58.32504423904738,66.52032235413068,303.96548693029916,-6.6167,18.428005894845036,0.22146243643393781,94.37253583887593,0.19829893385112138,18.1913707314105,380.5081989542387,27.99132320797188,11.398413927693964,311.92245572882825,6920.159123211468,20.316750788945694,0.9770855332042441,19.022457697904553,15.828736246173028,94.7331234384991,59.566796407389624,497.9715761202362,6.309982106189382,831.0313139900757,6.183872007924657,67.9656561498048,305.7176675838513,3.8310039303971397,5.997138930192209,0.9193,5.331579681071,6.6167,204.821007,174.86767740362504,0.6996520563823135,0.7343228155441096,0.5630117018144628,1.2463,6.294296345846587,3.0305386038328344,18.276551736611694,58.41945954773139,301.3703130239598,-6.8463,17.239102288726002,0.0,89.98509642378353,0.0,17.912301847202315,365.70739290087465,26.264140143944733,7.598942618462645,211.94765352865357,6591.487392939221,10.264241625018794,0.9127233891102737,17.60043573764453,10.606885113414915,90.45644194107729,33.503529485711766,483.6815471640598,2.7099923150195315,813.3581821255325,2.29551994915594,59.20040603410369,304.8241326092718,0.24726226709113133,0.06126445705983603,0.002609825814435904,0.03465807148358788,0.008112921027502717,0.0018367225874455285,8.184582980126057,0.33630434349250193,0.27817887687889087,0.652687114677963,0.027681021886576212,0.0907158724919116,1.2349311969651435,0.08847656261215778,0.0,1.3494555945387157,0.0005605118517034166,1.1269086455956867,0.0,0.20153683929631724,0.0,0.014394827430900505,1.9546609979308327,0.16924068319020366,1.2356868152268548,21.776516505089226,12.328990345495912,0.07305170424349589,0.004726971944012425,0.49325726478369614,0.2365392661377862,1.055090229529146,0.03535495618070885,38.937643497735664,0.3992273821898437,0.67495108516603,0.0,0.0,0.07566551187692794
775,Cc1ccc(P(C(C)(C)C)C(C)(C)C)cc1,3.8894465063300836,7.519868359077921,1.191699757,3.1912660626301257,6.641898719,197.43918983414002,175.55203673755284,0.7645390806838586,0.0,0.0,1.4073997210000002,7.443808133626437,3.1354422128738104,61.801912013246785,59.48012160013968,280.6967294697603,-6.641898719,16.20172199946412,0.0,110.02983615486467,0.0,18.607003039426026,330.4802273621784,26.84203546416441,9.598665360024206,257.64771543447137,6149.246593207305,27.36817595709191,0.850541091884726,16.20172199946412,12.565079288199207,110.02983615486467,48.227919727082366,454.2720035398024,5.609994791209348,743.8496076349109,5.486647699604879,59.48012160013968,283.97072253035475,3.9703881765397124,7.5475467443848085,1.1917,3.27854600238,6.6419,197.43919,175.55210857558797,0.764539730818484,0.0,0.0,1.4074,7.443812777139247,3.170409616317425,61.80198073870504,59.480148059072874,283.65492919710965,-6.5138,16.201725612798608,0.0,110.02985709949935,0.0,18.71881886332712,330.48024337917775,26.842041144459657,9.698650447248372,257.6477436873628,6156.217882800647,27.368178534009953,0.8525458061021504,16.201725612798608,12.565079288199207,110.02985709949935,52.564505165996415,454.27203763899803,6.679981056948508,743.8496534146813,6.396908614348887,59.480148059072874,283.97072568831965,3.889445696905287,7.5198680822913,1.1674,3.191265189822,6.5138,197.422604,168.36830506177955,0.6995262682701773,0.0,0.0,1.3795,6.979461496125807,3.135441863196279,54.92943491251694,56.83425473957267,280.6966998874672,-6.6419,15.840392163880079,0.0,107.93539363119719,0.0,18.607001921256604,328.8785434460061,26.27401161993404,9.598664360163335,254.8224545486822,6149.246523493711,27.110486729529185,0.8505410718373833,15.840392163880079,12.565079288199207,107.93539363119719,48.22787636079431,450.86211807970676,5.609984091239691,739.2716763675064,5.4866385969047045,56.83425473957268,283.65492919710965,0.24726226709113133,0.06126445705983603,0.002609825814435904,0.03465807148358788,0.008112921027502717,0.0018367225874455285,8.184582980126057,0.33630434349250193,0.27817887687889087,0.652687114677963,0.027681021886576212,0.0907158724919116,1.2349311969651435,0.08847656261215778,0.0,1.3494555945387157,0.0005605118517034166,1.1269086455956867,0.0,0.20153683929631724,0.0,0.014394827430900505,1.9546609979308327,0.16924068319020366,1.2356868152268548,21.776516505089226,12.328990345495912,0.07305170424349589,0.004726971944012425,0.49325726478369614,0.2365392661377862,1.055090229529146,0.03535495618070885,38.937643497735664,0.3992273821898437,0.67495108516603,0.0,0.0,0.07566551187692794
776,CC(C)(C)P(c1ccc(Cl)cc1)C(C)(C)C,3.881896814455591,7.707790628681789,1.276899635,2.87372636418828,6.752198849000001,197.89024171025002,175.61054588486343,1.0718761185878853,0.0,0.0,1.471699656,7.439650110281372,3.1820655340244746,66.36952968905803,59.573369058355254,284.9219351494928,-6.752198849000001,16.178410863405084,0.0,114.63334344783226,0.0,19.02563332915815,325.29923539729145,26.57795254449672,9.29870909849085,247.14064821839335,6189.0239730416715,27.15920763342781,0.8522279480474365,16.178410863405084,12.600046808202004,114.63334344783226,48.263806631215694,451.21166710007134,5.579995576280947,739.4904651082677,5.593515306563505,59.57336905835525,288.50008789802945,3.9644816283908875,7.789136326360447,1.2769,2.974762581804,6.7522,197.890242,175.61061809291363,1.1378158902036832,0.0,0.0,1.4717,7.439654624320768,3.182065534024476,66.36956135659136,59.573395400729275,284.9219387980172,-6.6371,16.17841377738451,0.0,114.63334845678281,0.0,19.073908261153125,325.2992743968173,26.57795563287819,9.598664360163335,252.1484417828745,6189.024559875475,27.159210353239473,0.8544136720751169,16.17841377738451,12.600047041320357,114.63334845678281,50.21688952492177,451.2116983992601,6.719980943517054,739.4905087161214,6.56594374842429,59.57339540072927,288.50009384492006,3.881895988599193,7.707789815216678,1.2404,2.873725353816,6.6371,197.861267,168.38981307117916,1.071875459183575,0.0,0.0,1.4373,6.988250684637187,3.182065534024474,63.202808023626666,56.93915799893611,284.55708635426095,-6.7522,15.887015834708274,0.0,114.1324533998699,0.0,19.025632846404,321.3993218137061,26.269117485694004,9.298706098908236,247.14059813995692,6130.34117947146,26.887229186670876,0.8522279261899776,15.887015834708274,12.576735205906257,114.1324533998699,48.26378710019144,448.081779518991,5.579984176313275,735.1297233452601,5.593505582181843,56.93915799893612,287.9054047824097,0.24726226709113133,0.06126445705983603,0.002609825814435904,0.03465807148358788,0.008112921027502717,0.0018367225874455285,8.184582980126057,0.33630434349250193,0.27817887687889087,0.652687114677963,0.027681021886576212,0.0907158724919116,1.2349311969651435,0.08847656261215778,0.0,1.3494555945387157,0.0005605118517034166,1.1269086455956867,0.0,0.20153683929631724,0.0,0.014394827430900505,1.9546609979308327,0.16924068319020366,1.2356868152268548,21.776516505089226,12.328990345495912,0.07305170424349589,0.004726971944012425,0.49325726478369614,0.2365392661377862,1.055090229529146,0.03535495618070885,38.937643497735664,0.3992273821898437,0.67495108516603,0.0,0.0,0.07566551187692794
835,CC(C)(C)P(c1c(F)c(F)c(F)c(F)c1F)C(C)(C)C,3.800307164189222,7.049599699809117,1.7813,2.059051329775,7.2016,188.784946,181.58917806167136,1.9954558376471276,1.433677877967071,1.1161755989697861,1.8609,8.23727275218254,8.252389736590946,75.30369229219852,63.53640742112606,301.93298922574684,-7.2016,19.220608298924393,0.0,126.2184715375126,0.0,18.723920466847645,325.8449280607845,26.93394291476731,9.198720011823198,247.7577996873737,6101.094517535822,26.79143722113232,0.853451876439073,20.654286176891464,12.401896440300519,127.33464713648239,52.030954844283876,459.46838736076984,4.039988543423939,765.4785971177529,4.244499104824556,64.97008529909313,307.2550346890461,3.800307164189222,7.049599699809117,1.7813,2.059051329775,7.2016,188.784946,181.58917806167136,1.9954558376471276,1.433677877967071,1.1161755989697861,1.8609,8.23727275218254,8.252389736590946,75.30369229219852,63.53640742112606,301.93298922574684,-7.2016,19.220608298924393,0.0,126.2184715375126,0.0,18.723920466847645,325.8449280607845,26.93394291476731,9.198720011823198,247.7577996873737,6101.094517535822,26.79143722113232,0.853451876439073,20.654286176891464,12.401896440300519,127.33464713648239,52.030954844283876,459.46838736076984,4.039988543423939,765.4785971177529,4.244499104824556,64.97008529909313,307.2550346890461,3.800307164189222,7.049599699809117,1.7813,2.059051329775,7.2016,188.784946,181.58917806167136,1.9954558376471276,1.433677877967071,1.1161755989697861,1.8609,8.23727275218254,8.252389736590946,75.30369229219852,63.53640742112606,301.93298922574684,-7.2016,19.220608298924393,0.0,126.2184715375126,0.0,18.723920466847645,325.8449280607845,26.93394291476731,9.198720011823198,247.7577996873737,6101.094517535822,26.79143722113232,0.853451876439073,20.654286176891464,12.401896440300519,127.33464713648239,52.030954844283876,459.46838736076984,4.039988543423939,765.4785971177529,4.244499104824556,64.97008529909313,307.2550346890461,0.24726226709113133,0.06126445705983603,0.002609825814435904,0.03465807148358788,0.008112921027502717,0.0018367225874455285,8.184582980126057,0.33630434349250193,0.27817887687889087,0.652687114677963,0.027681021886576212,0.0907158724919116,1.2349311969651435,0.08847656261215778,0.0,1.3494555945387157,0.0005605118517034166,1.1269086455956867,0.0,0.20153683929631724,0.0,0.014394827430900505,1.9546609979308327,0.16924068319020366,1.2356868152268548,21.776516505089226,12.328990345495912,0.07305170424349589,0.004726971944012425,0.49325726478369614,0.2365392661377862,1.055090229529146,0.03535495618070885,38.937643497735664,0.3992273821898437,0.67495108516603,0.0,0.0,0.07566551187692794
920,CC(C)N(C(C)C)P(C(C)(C)C)C(C)(C)C,4.0744650081069524,5.573095932197182,1.23125774,5.344986805151491,6.537476916000001,202.58287097770003,178.42636337430372,0.7328005668043155,0.028871708160361262,0.01222412719904027,1.4217499340000002,7.906416540290916,3.64393710112516,40.61068938938869,62.66444243768129,299.89909250946135,-6.537476916000001,17.21291260723003,0.0,105.75423331005408,0.0,18.30048431566778,332.82632027014887,27.992378053852796,7.181882651735288,201.0030476891838,6090.883600197971,31.39096375073004,0.8121479129685895,17.241784315390394,13.573918081449369,105.7675171648261,58.712676332789094,443.3948833284248,3.5628832963962402,762.4340177590944,3.3790525976589443,62.693314145841654,300.36289588810354,4.134822596656773,5.68592858774867,1.2658,5.448035761443,6.5768,202.61254,182.73022854945643,0.7422681456185494,0.6294195561806654,0.7806621217349216,1.4476,8.06275916068231,5.641464170211886,49.26556118142636,65.79765545629363,300.3642985389972,-6.2676,19.115705039560947,0.0,108.79456457640956,0.0,18.301493222752967,332.90518404022095,28.290017384598794,7.798914792632713,218.38896783447592,6092.656107083693,31.588543546414698,0.8312236209676964,19.40710298223718,15.141037101457115,109.57522669814448,60.61457820280626,444.8416638896218,4.499987238962314,763.5559011650712,4.263520696584612,66.08905339896987,300.5971816281165,3.9816577818496803,5.310582920229233,1.2293,4.97055241501,6.2676,202.567889,178.27780984568298,0.6678645072168456,0.0,0.0,1.405,7.889851831364511,3.601678571478253,33.59091540026901,62.32419197959291,295.635288812931,-6.5768,17.005983934585014,0.0,100.6566712076145,0.0,18.181128063584,329.00593141962185,27.960081549692866,6.0991513121871215,171.8581838859998,5981.69897281888,29.57903649768618,0.8100684132859889,17.005983934585014,12.961380490238888,100.68943217901348,57.471186341124515,442.4017093680493,2.5699927120295936,761.7639630265726,2.3846308908833116,62.32419197959292,299.4330116301838,0.24726226709113133,0.06126445705983603,0.002609825814435904,0.03465807148358788,0.008112921027502717,0.0018367225874455285,8.184582980126057,0.33630434349250193,0.27817887687889087,0.652687114677963,0.027681021886576212,0.0907158724919116,1.2349311969651435,0.08847656261215778,0.0,1.3494555945387157,0.0005605118517034166,1.1269086455956867,0.0,0.20153683929631724,0.0,0.014394827430900505,1.9546609979308327,0.16924068319020366,1.2356868152268548,21.776516505089226,12.328990345495912,0.07305170424349589,0.004726971944012425,0.49325726478369614,0.2365392661377862,1.055090229529146,0.03535495618070885,38.937643497735664,0.3992273821898437,0.67495108516603,0.0,0.0,0.07566551187692794
953,CC(C)(C)CP(CC(C)(C)C)C(C)(C)C,3.9219286388622736,6.060410467279041,0.969199528,5.31805085334224,6.757402452,193.15121957054004,182.07797568792247,0.7045843464226477,0.5712650356424154,0.598055647105792,1.2892000300000004,6.660572163286046,3.7888067539184185,41.02081230799885,64.08378493557883,285.7702018471458,-6.757402452,17.95020814802615,0.0,94.13297575751587,0.0,17.809803612984982,342.809641857185,27.540151608597746,9.198886988588631,253.33868687571564,6105.372842957718,15.184096435461854,0.9505715213302647,18.48639947825546,14.24312033379679,94.13307195465966,50.866981794047994,460.55203925581736,4.210213560700824,768.5922345319628,3.696742932712148,64.65504997122126,286.77520489821615,4.271299892535774,6.170488070734018,0.9712,5.507341729825,6.7686,193.151225,185.25082971749043,0.7273864172501436,1.0140648405132942,1.1257285179556402,1.2916,6.751015922897627,5.7696792649894295,48.60778535455177,64.08423555335737,287.7725362948421,-6.7301,18.451317730259134,0.0,96.78963485413402,0.0,17.98840702835947,350.8069210866235,27.54022351744205,10.69851131809872,285.8937381966032,6310.457684871765,19.139953508621833,0.9505772606958726,18.964178109369303,14.243531438014315,97.41628287624734,51.394526594338586,463.18158547187636,6.699981000232781,771.8651630336628,6.2764906097070545,64.65537552100278,288.01363391321496,3.921890272166643,6.02940011403555,0.9385,5.31798895054,6.7301,193.133968,179.08973431631412,0.7040269881190635,0.0,0.0,1.2693,6.632384954641756,3.776517337083993,40.15644765936482,60.98376144328225,284.9147222149944,-6.7686,17.390629218917642,0.0,92.5530959421724,0.0,17.809744340426928,342.80713792159384,26.72275886767119,9.198720011823198,253.33480519997806,6105.307484457059,15.183389004391316,0.9211993687404604,17.693683079300925,12.19208992157363,92.5530959421724,46.19133034378373,459.95157708228885,4.209988061340293,767.4542373246433,3.6965163211127297,61.48496590468537,286.77479959379514,0.24726226709113133,0.06126445705983603,0.002609825814435904,0.03465807148358788,0.008112921027502717,0.0018367225874455285,8.184582980126057,0.33630434349250193,0.27817887687889087,0.652687114677963,0.027681021886576212,0.0907158724919116,1.2349311969651435,0.08847656261215778,0.0,1.3494555945387157,0.0005605118517034166,1.1269086455956867,0.0,0.20153683929631724,0.0,0.014394827430900505,1.9546609979308327,0.16924068319020366,1.2356868152268548,21.776516505089226,12.328990345495912,0.07305170424349589,0.004726971944012425,0.49325726478369614,0.2365392661377862,1.055090229529146,0.03535495618070885,38.937643497735664,0.3992273821898437,0.67495108516603,0.0,0.0,0.07566551187692794
1007,CC(C)P(C(C)C)[Si](C)(C)C,3.6070579644513026,5.344939408357805,0.8559831779999999,4.338429525253801,6.082973970999999,161.45406100792997,170.93866084596664,0.7383928659952262,0.0,0.0,1.15145638,7.24852891629274,3.0466737741555234,30.59098627127058,56.281389735622604,238.5957931013187,-6.082973970999999,15.451817786247574,0.0,82.45227874964937,0.0,18.031533129011983,293.4489812298386,26.092750529841584,13.151491989495034,343.2427528466892,5291.345765234649,22.720284767312357,0.8948004609977258,15.451817786247574,11.779618231780606,82.45227874964937,44.421710270026,400.55163861872325,9.697154000866986,643.8103852239027,8.92559124382459,56.2813897356226,238.59846137423148,3.9551312503238902,5.4704905942391076,0.9185,4.436411669046,6.1072,161.499213,177.36337984777253,0.7672528918159904,0.0,0.0,1.1889,7.31359675883835,5.6181523347977915,37.91922843529336,57.76672815613662,239.06587027678785,-6.0445,16.248349283626805,0.0,86.9892150716698,0.0,18.166564124461956,298.6046586044702,26.686357794812892,14.098038278989902,374.9506721765146,5424.620678401179,29.269082663939685,0.9140764252396782,16.248349283626805,12.961380490238888,86.9892150716698,49.11878299695406,404.1012815233997,10.849969231720241,648.4223114312707,10.17297464802746,57.76672815613662,239.0658702767879,3.0718925774678327,5.298869794362512,0.787,4.184461731289,6.0445,161.446142,164.66927307051003,0.6775315490809266,0.0,0.0,1.1117,7.170145718753426,1.9348823393701906,29.479054206552384,53.582253699305895,234.74276506669347,-6.1072,14.488305709862354,0.0,80.78719405606556,0.0,17.869756253134927,288.50469420342426,25.539303703612305,12.698233059799417,324.3040306134675,5190.295139724938,20.424584545642055,0.8338389977519799,14.488305709862354,10.222239829082287,80.78719405606556,32.16774181193883,394.62125226880175,8.039977200279331,638.0343687794252,7.338314871339889,53.5822536993059,237.59433068481502,0.24726226709113133,0.06126445705983603,0.002609825814435904,0.03465807148358788,0.008112921027502717,0.0018367225874455285,8.184582980126057,0.33630434349250193,0.27817887687889087,0.652687114677963,0.027681021886576212,0.0907158724919116,1.2349311969651435,0.08847656261215778,0.0,1.3494555945387157,0.0005605118517034166,1.1269086455956867,0.0,0.20153683929631724,0.0,0.014394827430900505,1.9546609979308327,0.16924068319020366,1.2356868152268548,21.776516505089226,12.328990345495912,0.07305170424349589,0.004726971944012425,0.49325726478369614,0.2365392661377862,1.055090229529146,0.03535495618070885,38.937643497735664,0.3992273821898437,0.67495108516603,0.0,0.0,0.07566551187692794
1136,COc1ccccc1P(C(C)(C)C)C(C)(C)C,3.8651131766820748,6.196585204377442,1.3839,3.053968887748,6.504,202.38602,199.09897544330457,0.5598267589174352,3.461807558993659,11.495502220258121,1.519,7.79925464827352,10.746756125899507,66.10689800650687,63.48978375029786,283.64194632217453,-6.504,19.546973994721775,0.0,105.90140884279197,0.0,18.829417481820204,338.6893174478799,27.670412712995834,8.898761750568092,246.23241027284038,6377.3225548588625,25.758722345221848,0.8647023783926002,23.008781553715433,12.262025427815926,117.39691106305008,51.290013056543216,461.0020462086758,4.139988259845332,761.8382416406943,3.841907428841087,66.95159130929152,295.13744854243265,3.9574574519429273,6.332804239687434,1.3839,3.089394506962,6.504,202.395034,199.09897544330457,0.6624333928781067,3.461807558993659,11.495502220258121,1.519,7.79925464827352,10.746756125899507,66.10689800650687,63.48978375029786,287.30585522436957,-6.3902,19.546973994721775,0.0,108.93576904584417,0.0,18.999346124257194,338.6893174478799,27.670412712995834,9.598664360163335,260.5694876190262,6377.3225548588625,25.80031331997575,0.8662468706026115,23.008781553715433,12.262025427815926,117.39691106305008,53.46901913284323,461.0020462086758,5.839983439008878,761.8382416406943,5.352238661349259,66.95159130929152,295.13744854243265,3.8651131766820748,6.196585204377442,1.3504,3.053968887748,6.3902,202.38602,189.8167017197807,0.5598267589174352,0.6061077207665666,2.760222713226904,1.4861,7.3171531695455645,7.389851826269293,57.914330699892716,60.995417360989286,283.64194632217453,-6.504,18.53290915420848,0.0,105.90140884279197,0.0,18.829417481820204,333.08375661285197,27.146431820290488,8.898761750568092,246.23241027284038,6328.373580255416,25.758722345221848,0.8647023783926002,19.104049121853897,11.714197295584604,111.69599175907106,51.290013056543216,452.1619822126786,4.139988259845332,751.855750368085,3.841907428841087,61.60152508175587,293.89137636187223,0.24726226709113133,0.06126445705983603,0.002609825814435904,0.03465807148358788,0.008112921027502717,0.0018367225874455285,8.184582980126057,0.33630434349250193,0.27817887687889087,0.652687114677963,0.027681021886576212,0.0907158724919116,1.2349311969651435,0.08847656261215778,0.0,1.3494555945387157,0.0005605118517034166,1.1269086455956867,0.0,0.20153683929631724,0.0,0.014394827430900505,1.9546609979308327,0.16924068319020366,1.2356868152268548,21.776516505089226,12.328990345495912,0.07305170424349589,0.004726971944012425,0.49325726478369614,0.2365392661377862,1.055090229529146,0.03535495618070885,38.937643497735664,0.3992273821898437,0.67495108516603,0.0,0.0,0.07566551187692794
1456,CN(C)P([Si](C)(C)C)[Si](C)(C)C,4.177887372403108,5.458420145515353,1.1327774307743073,3.3980630699236003,5.380485692856929,185.61963171198707,169.01337727236628,0.48612132290630866,0.0,0.0,1.248381971819718,7.284618127114315,3.0610830085098475,37.030549944521965,55.655138472307264,270.86634955304464,-5.380485692856929,15.556329480128653,0.0,84.37078806665332,0.0,19.146650705629895,327.2113432347814,28.186011758203144,15.411017711480488,434.37119468020853,6265.002588930035,20.867964065735794,0.9091717226720524,15.556329480128653,12.49337696028266,84.37078806665332,47.33513052003434,431.09967393044775,11.469101167326412,709.9061025985441,11.04957004113391,55.65513847230727,270.8747259446339,4.199157906090937,5.4754443621202675,1.1354,3.869156306243,5.7085,185.726899,181.1507300523158,0.7937909044578427,0.0,0.0,1.2643,7.495709989031381,4.487528317214004,37.672126338325405,59.678298660092715,272.896110153658,-5.3737,16.784521498151076,0.0,87.47272751079774,0.0,19.291651130180988,337.9050817226451,29.026616971115917,15.597829585265426,442.71507860622637,6518.746951708566,29.64181963938664,0.9212213694051161,16.784521498151076,13.112907420430528,87.47272751079774,50.8680750895149,438.5614625215112,12.709963957158,721.8280268630247,12.208185981989828,59.678298660092715,272.89611015365796,3.916890404342657,5.364476880845146,1.0525,3.384110498232,5.3737,185.607955,163.72812728866882,0.4789624202377469,0.0,0.0,1.2224,7.10749609849804,2.2612480351675757,33.32849144389382,54.666254046061496,269.3282257283338,-5.7085,14.651488557761043,0.0,84.04687293918101,0.0,19.03705321547409,324.20451052899676,27.260214252299214,13.49812175647969,371.3369024845663,6175.079359894987,19.3124751287551,0.8259455151556785,14.651488557761043,11.504390776857717,84.04687293918101,47.17033166072673,426.7414619233908,8.619975555523371,705.8907399678761,8.24106988036036,54.66625404606149,270.0556231793534,0.24726226709113133,0.06126445705983603,0.002609825814435904,0.03465807148358788,0.008112921027502717,0.0018367225874455285,8.184582980126057,0.33630434349250193,0.27817887687889087,0.652687114677963,0.027681021886576212,0.0907158724919116,1.2349311969651435,0.08847656261215778,0.0,1.3494555945387157,0.0005605118517034166,1.1269086455956867,0.0,0.20153683929631724,0.0,0.014394827430900505,1.9546609979308327,0.16924068319020366,1.2356868152268548,21.776516505089226,12.328990345495912,0.07305170424349589,0.004726971944012425,0.49325726478369614,0.2365392661377862,1.055090229529146,0.03535495618070885,38.937643497735664,0.3992273821898437,0.67495108516603,0.0,0.0,0.07566551187692794
1648,CC(C)(C)P(c1cccc2ccccc12)C(C)(C)C,3.8760800490793836,7.569001561832065,1.681924664,2.3686039645254757,6.406896175999999,225.85555341371997,188.21078694869396,0.6367377228575325,0.7639934203041119,3.750703115063341,1.73092669,8.15046770141993,6.539449824345869,88.51728626170038,62.41753256859097,312.6442479702556,-6.406896175999999,18.11185404661599,0.0,135.81944448293495,0.0,19.593433315188527,349.5311816222366,28.69749681389849,8.16888731150824,234.4133880171807,6848.546390593296,25.786798305413285,0.8641461734975685,18.87528285426637,12.271407509096683,139.5701475979983,50.83307199008191,479.38037904453256,3.5378009675245594,802.7455417663031,3.346527281096693,63.18152598889508,318.6962523024251,4.039243863557722,7.576319872918223,1.7005,2.377667781572,6.4424,225.857926,188.26836041004964,0.6557545272432361,1.3404305363106763,6.170037722601829,1.7479,9.543610346479223,8.53213176156013,89.13891763577887,63.27997723157097,313.40845030544887,-6.3173,19.0574254510257,0.0,136.21070998764438,0.0,19.834309384641614,354.65983321965325,28.882407285811762,8.798775663483061,249.47459520469772,6990.806601003629,33.02933163662409,0.8651545160349373,20.37454415192228,13.940477577631034,139.76442919593484,54.223555692630526,481.1528388792047,4.709986643447229,806.121243472452,4.340912937324181,64.22410656584196,318.8007860321909,3.8074304154270453,6.6722752556194465,1.6663,2.221672992732,6.3173,225.823178,176.4861562640492,0.6104572057073289,0.0,0.0,1.713,7.062319172422924,4.499184234921051,75.59336495592393,60.634083912070764,307.1985749273732,-6.4424,17.355661465796494,0.0,130.43997243835298,0.0,19.581117994361925,347.459676849222,27.975386000407937,7.598942618462645,219.475755647951,6836.982537388983,25.670627976645918,0.7924492087341265,17.355661465796494,11.84241239036215,132.43907164296874,50.62551156015597,475.28277440332994,2.639992513524555,797.2267091569985,2.4976901457093508,60.634083912070764,316.8988839222815,0.24726226709113133,0.06126445705983603,0.002609825814435904,0.03465807148358788,0.008112921027502717,0.0018367225874455285,8.184582980126057,0.33630434349250193,0.27817887687889087,0.652687114677963,0.027681021886576212,0.0907158724919116,1.2349311969651435,0.08847656261215778,0.0,1.3494555945387157,0.0005605118517034166,1.1269086455956867,0.0,0.20153683929631724,0.0,0.014394827430900505,1.9546609979308327,0.16924068319020366,1.2356868152268548,21.776516505089226,12.328990345495912,0.07305170424349589,0.004726971944012425,0.49325726478369614,0.2365392661377862,1.055090229529146,0.03535495618070885,38.937643497735664,0.3992273821898437,0.67495108516603,0.0,0.0,0.07566551187692794
1651,C=CCP(C(C)(C)C)C(C)(C)C,3.5408304178388152,5.823898994664831,0.7804522465224653,3.9635156835723673,6.679876376763769,157.50055070699705,173.0322635444667,0.7122860817281719,0.09776498741775067,0.15833939355132828,1.179338556385564,6.7435397821168666,2.821675174838518,27.325012804074245,58.38307395460195,231.06939213301462,-6.679876376763769,16.177445860298942,0.0,67.99069003880084,0.0,17.52623590500664,279.1969814711276,25.795585482544972,10.682192425636645,275.55034794347205,4893.265432291977,25.099667163293645,0.8713527224606027,16.275209448992584,12.99232236568442,67.99069003880084,40.52624992129267,391.59459760369185,7.160331298290115,627.1021253291003,6.256514758337871,58.480838942019695,232.06643380009854,3.933399052711132,5.896560626031571,0.8264,4.018587465186,6.6999,157.519264,178.3576528554423,0.7993953965341557,1.165591770704936,2.4530411381876687,1.1976,7.597080493525178,5.256818885879262,31.595091121802042,62.07941770774489,232.9617525210447,-6.5712,18.043360610512405,0.0,70.04138540863967,0.0,17.73451399373058,283.79275630162317,26.837848912653833,11.098455666438857,291.1415629455236,5032.926607950509,29.823348774133386,0.8833126023394213,19.115705039560947,13.835574318267588,70.04138540863967,52.76099826211206,392.1818797113,9.319973570473064,630.5692893691903,8.510567987510955,63.245009478449816,233.4924115315271,3.4086064369471054,4.825262760773738,0.7618,3.738795355804,6.5712,157.484712,160.2657817174987,0.45436769251345327,0.0,0.0,1.1608,6.733149866815474,2.436086800773314,12.992692168466931,53.20926433268032,227.999527905335,-6.6999,15.141037101457117,0.0,66.6086593821179,0.0,17.50547830641203,271.69635867589943,24.39008451278086,9.89862262141844,241.42824229652015,4759.099557936191,23.775671097531124,0.8273883937977263,15.141037101457117,11.446111188322469,66.6086593821179,37.989073274853396,381.43167378724996,6.119982644988755,617.2554972379389,5.102216364435188,53.20926433268033,231.65284352939233,0.24726226709113133,0.06126445705983603,0.002609825814435904,0.03465807148358788,0.008112921027502717,0.0018367225874455285,8.184582980126057,0.33630434349250193,0.27817887687889087,0.652687114677963,0.027681021886576212,0.0907158724919116,1.2349311969651435,0.08847656261215778,0.0,1.3494555945387157,0.0005605118517034166,1.1269086455956867,0.0,0.20153683929631724,0.0,0.014394827430900505,1.9546609979308327,0.16924068319020366,1.2356868152268548,21.776516505089226,12.328990345495912,0.07305170424349589,0.004726971944012425,0.49325726478369614,0.2365392661377862,1.055090229529146,0.03535495618070885,38.937643497735664,0.3992273821898437,0.67495108516603,0.0,0.0,0.07566551187692794
1654,CC(C)(C)P(C(C)(C)C)[Si](C)(C)C,4.0015172498784874,5.457322378457578,0.7616,4.239745204727,6.1172,184.724472,177.68785328560324,0.6533130949246311,0.0,0.0,1.1044,7.212318090741738,2.0747533518547865,22.186815896152382,60.72733125372715,268.24874924940474,-6.1172,16.16675785967746,0.0,85.58244441850808,0.0,18.37504685658595,309.8057547323825,27.748212102407855,10.398553056843614,288.5412557794382,5692.695259647503,29.47535562473692,0.8316704835184761,16.16675785967746,13.61411188183365,85.58244441850808,52.202975373948874,419.3515138531521,6.639981170379948,701.4055939638313,6.159866866962876,60.72733125372715,270.36875396330527,4.0015172498784874,5.457322378457578,0.7616,4.239745204727,6.1172,184.724472,177.68785328560324,0.6533130949246311,0.0,0.0,1.1044,7.212318090741738,2.0747533518547865,22.186815896152382,60.72733125372715,268.24874924940474,-6.1172,16.16675785967746,0.0,85.58244441850808,0.0,18.37504685658595,309.8057547323825,27.748212102407855,10.398553056843614,288.5412557794382,5692.695259647503,29.47535562473692,0.8316704835184761,16.16675785967746,13.61411188183365,85.58244441850808,52.202975373948874,419.3515138531521,6.639981170379948,701.4055939638313,6.159866866962876,60.72733125372715,270.36875396330527,4.0015172498784874,5.457322378457578,0.7616,4.239745204727,6.1172,184.724472,177.68785328560324,0.6533130949246311,0.0,0.0,1.1044,7.212318090741738,2.0747533518547865,22.186815896152382,60.72733125372715,268.24874924940474,-6.1172,16.16675785967746,0.0,85.58244441850808,0.0,18.37504685658595,309.8057547323825,27.748212102407855,10.398553056843614,288.5412557794382,5692.695259647503,29.47535562473692,0.8316704835184761,16.16675785967746,13.61411188183365,85.58244441850808,52.202975373948874,419.3515138531521,6.639981170379948,701.4055939638313,6.159866866962876,60.72733125372715,270.36875396330527,0.24726226709113133,0.06126445705983603,0.002609825814435904,0.03465807148358788,0.008112921027502717,0.0018367225874455285,8.184582980126057,0.33630434349250193,0.27817887687889087,0.652687114677963,0.027681021886576212,0.0907158724919116,1.2349311969651435,0.08847656261215778,0.0,1.3494555945387157,0.0005605118517034166,1.1269086455956867,0.0,0.20153683929631724,0.0,0.014394827430900505,1.9546609979308327,0.16924068319020366,1.2356868152268548,21.776516505089226,12.328990345495912,0.07305170424349589,0.004726971944012425,0.49325726478369614,0.2365392661377862,1.055090229529146,0.03535495618070885,38.937643497735664,0.3992273821898437,0.67495108516603,0.0,0.0,0.07566551187692794
1656,Cc1cc(C)c(P(C(C)(C)C)C(C)(C)C)c(C)c1,3.9932899238473314,7.165900101615471,1.374578027,3.174081117850695,6.529562412000001,220.49940660063,182.26897534699253,0.5921048607071937,1.237713227754012,1.3946698966060476,1.5148980590000003,8.287630410766353,7.6107269210099755,68.73601697692277,63.93446225598476,315.10755684388965,-6.529562412000001,18.784711594756338,0.0,124.45171498333322,0.0,19.123074740472106,359.5398551695141,29.44967853103401,6.441657652940394,189.70774743645126,6875.529537803074,31.882226946970707,0.8041092197391949,19.896804917810282,12.202453547684499,125.73060348327817,56.97856077342506,479.8145193119252,1.6505794192964685,811.8460767775838,1.6438120682854351,65.17217548373877,317.68097168152207,4.111394653100672,7.75873159586205,1.4069,3.179120653716,6.5414,220.510313,188.52535441851714,0.6035196765640702,1.2938068654824788,1.5391325308772021,1.5347,8.429575737751302,9.0449921406703,70.08328826350967,64.00264412940803,316.15228349011846,-6.4118,19.139016874975045,0.0,125.03310229214641,0.0,19.14547662758337,363.8835118196539,29.60501687501557,7.398970444292569,217.10885495745703,6965.952683296187,34.135876021548704,0.8277750246022486,20.467791493578673,12.623358876734455,125.84538480075989,58.39989183563714,481.9120877394839,2.8799918329358865,813.2863723753061,2.7234482279810557,65.27313915947641,317.69141602099563,3.9079655810964695,6.9958005783631965,1.3659,3.100630164383,6.4118,220.477083,182.08210912463502,0.5635388185387055,1.0140648405132942,0.8122825086134874,1.5026,7.753500464307441,7.040174295057813,60.690488702309494,62.24260055564358,310.91033842022193,-6.5414,18.299790800067495,0.0,121.19895718216051,0.0,19.0492875481902,355.2817815633207,29.29791586442755,6.29912348635719,186.4856571114115,6767.864817632995,29.508731013232758,0.7794001201343663,19.220608298924393,11.422799352908372,122.49617887189939,55.210738346407595,477.15221874309884,1.2299965119830285,807.8835270962976,1.2342965255013272,63.53640742112605,317.19815035120433,0.24726226709113133,0.06126445705983603,0.002609825814435904,0.03465807148358788,0.008112921027502717,0.0018367225874455285,8.184582980126057,0.33630434349250193,0.27817887687889087,0.652687114677963,0.027681021886576212,0.0907158724919116,1.2349311969651435,0.08847656261215778,0.0,1.3494555945387157,0.0005605118517034166,1.1269086455956867,0.0,0.20153683929631724,0.0,0.014394827430900505,1.9546609979308327,0.16924068319020366,1.2356868152268548,21.776516505089226,12.328990345495912,0.07305170424349589,0.004726971944012425,0.49325726478369614,0.2365392661377862,1.055090229529146,0.03535495618070885,38.937643497735664,0.3992273821898437,0.67495108516603,0.0,0.0,0.07566551187692794
1661,CC(=O)P(C(C)(C)C)C(C)(C)C,3.8101219493675105,4.901508930441442,1.459297088,2.463496670152862,6.78859923,147.87684706264,168.41745581422052,0.6480323192036066,0.0,0.0,1.59559799,6.801647171766503,2.366188360349329,15.251937717248868,58.361166438331594,225.10466280846964,-6.78859923,15.630601264082916,0.0,66.95711758350478,0.0,17.371555878564077,270.7162397074298,24.985043450693876,9.598692356267719,239.82373861879606,4702.762279763842,23.42413078354885,0.8822125041847076,15.630601264082916,13.264410106313338,66.95711758350478,50.618736613942595,376.5003710286135,6.860010546421918,604.2462928958399,5.996039067317818,58.361166438331594,225.10470080531823,3.8328278716020483,4.901510410440084,1.4593,2.635576071584,6.7886,147.876848,168.4175227712923,1.8781677241396733,0.0,0.0,1.5956,6.801648400839987,4.2194422099518665,18.886167323712776,58.361179959196136,225.1046972549671,-6.7501,16.411532131525497,0.0,66.95713610374132,0.0,17.399591004388157,270.71643762059506,24.985048431769403,10.998469579353827,272.0580847320844,4702.765571577549,28.118295757152005,0.8822133659214657,16.411532131525497,13.26443435062217,66.95713610374132,50.618808502472994,376.50045843806896,8.359976292827769,604.2464192991608,7.487200897771741,58.361179959196136,225.28221480944214,3.8101214952399833,4.827510478350644,1.3137,2.463493228496,6.7501,147.82998,165.06966918137996,0.6480077160034439,0.0,0.0,1.4951,6.740194726679212,2.3661512945310204,15.251865031203018,57.685136732187274,223.3823723819314,-6.7886,15.63058564515319,0.0,66.03112427701072,0.0,17.371555317850344,260.8207793568054,24.73599465536442,9.598664360163335,239.8230939189798,4538.17488625418,23.424036898371675,0.8391265280191007,15.63058564515319,12.052218909089037,66.03112427701072,47.02438198271553,372.1299856642674,6.859980546506992,597.9262532552503,5.996009243484732,57.68513673218728,225.10469725496714,0.24726226709113133,0.06126445705983603,0.002609825814435904,0.03465807148358788,0.008112921027502717,0.0018367225874455285,8.184582980126057,0.33630434349250193,0.27817887687889087,0.652687114677963,0.027681021886576212,0.0907158724919116,1.2349311969651435,0.08847656261215778,0.0,1.3494555945387157,0.0005605118517034166,1.1269086455956867,0.0,0.20153683929631724,0.0,0.014394827430900505,1.9546609979308327,0.16924068319020366,1.2356868152268548,21.776516505089226,12.328990345495912,0.07305170424349589,0.004726971944012425,0.49325726478369614,0.2365392661377862,1.055090229529146,0.03535495618070885,38.937643497735664,0.3992273821898437,0.67495108516603,0.0,0.0,0.07566551187692794
1662,CC(C)(C)P(CC1CCC1)C(C)(C)C,3.9667137266338797,6.852035361283877,0.8288702967029671,5.376589178958821,6.703739248392483,176.28392286463867,176.4749837826678,0.6980724785010219,0.13645497852184768,0.3431277799761394,1.20730070300703,6.739994720182132,2.416268745070526,41.672190330106254,59.16877703543809,261.12011308552064,-6.703739248392483,16.17341042467523,0.0,92.43079317688613,0.0,17.71761046715502,315.9496476683485,26.396621379147614,10.168825725466343,268.5481461681681,5597.9434181409415,25.331442397557208,0.8696868741111303,16.309613283175874,13.298710784350918,92.77221846212181,50.9277968859517,433.2382603825002,6.705258838044448,705.8384480024762,5.927144462368899,59.30523201395994,261.86032876582317,4.037373506252036,6.874952972275025,0.8936,5.382420306823,6.7064,176.317614,188.3567114239954,0.7146313735066492,0.9208174988568993,3.8334807336524,1.2343,8.040559229934,5.396689898363851,47.41227235838721,63.5946870096613,262.34456239724426,-6.5336,18.684436084400122,0.0,93.66351489719429,0.0,17.878284144763406,321.40219415769457,27.70395373157683,11.698372188949069,321.541748315317,5746.1197519016805,30.543489730864774,0.8924049964972967,19.59359766554997,14.33677877967071,93.66351489719429,53.30579718392389,435.5713259691112,8.479975952533433,708.7916897171983,8.448524113811931,64.50384859081115,263.4039793943005,3.9482928523467438,6.240519702974677,0.7934,5.318062801714,6.5336,176.280371,164.61084795876613,0.6673477354423254,0.0,0.0,1.169,6.707568202958125,2.1446888580970835,27.221223813021652,55.28401768453511,256.1790344423531,-6.7064,15.921983587829423,0.0,81.81164034310821,0.0,17.697187074688763,310.3019284563035,25.04938988837805,8.998747837653129,249.30089373646933,5539.41597679011,22.676982667651746,0.8199246460588018,15.921983587829423,11.79578871953395,85.45929206343763,44.55265376853719,422.1813576159222,4.579987012099419,694.770775163428,3.756433192358288,55.28401768453511,261.70537503980944,0.24726226709113133,0.06126445705983603,0.002609825814435904,0.03465807148358788,0.008112921027502717,0.0018367225874455285,8.184582980126057,0.33630434349250193,0.27817887687889087,0.652687114677963,0.027681021886576212,0.0907158724919116,1.2349311969651435,0.08847656261215778,0.0,1.3494555945387157,0.0005605118517034166,1.1269086455956867,0.0,0.20153683929631724,0.0,0.014394827430900505,1.9546609979308327,0.16924068319020366,1.2356868152268548,21.776516505089226,12.328990345495912,0.07305170424349589,0.004726971944012425,0.49325726478369614,0.2365392661377862,1.055090229529146,0.03535495618070885,38.937643497735664,0.3992273821898437,0.67495108516603,0.0,0.0,0.07566551187692794
1663,CC(C)(C)P(n1cccc1)C(C)(C)C,3.8868099748739504,5.930748459805661,0.907600093,4.4650575186649135,6.546599412,172.59272442783,175.5237500742166,1.0632368145214015,0.0,0.0,1.2316999860000002,6.743100412451621,2.820733833493599,24.64355073063963,59.92304344246895,250.30512625857472,-6.546599412,15.991917578802418,0.0,76.86691250242603,0.0,18.164368703391112,290.48201266008385,25.9953208964177,9.598665360024206,249.52038574828038,5276.422379718953,26.59357222026119,0.8575273420002586,15.991917578802418,12.926409007224073,76.86691250242603,50.51405983123967,404.48197737689463,5.859992882266212,656.1815451879804,5.3738925514160805,59.923043442468966,250.30512625857472,3.9330367509642485,5.930748694195865,0.9169,4.466193598591,6.5466,172.592725,175.5238222794913,1.0878667197777492,0.0,0.0,1.2317,6.853786226388624,2.9955708507116867,24.64355662136247,59.923072931940744,250.30512893417063,-6.4878,15.99191909407172,0.0,76.86692341897319,0.0,18.1643687297653,290.48203467642537,25.99532552588432,9.698650447248372,249.52040465615002,5276.42278723506,26.593580036318876,0.8650156154824608,15.99191909407172,12.926412737117738,76.86692341897319,51.7207843665964,404.4820071762796,6.809980688296303,656.181590101521,6.186048519898263,59.92307293194076,250.30512893417063,3.886809512601567,5.907309673814396,0.9076,4.465057507304,6.4878,172.535508,168.30329480722625,1.0632365682198859,0.0,0.0,1.2303,6.7430993055824135,2.820732085105943,24.054484337131065,56.97412575205726,250.03756934078885,-6.5466,15.840392163880079,0.0,75.77526870372746,0.0,18.16173131089541,288.280400524007,25.532378864127896,9.598664360163335,247.6296176898889,5235.671176514327,25.811974267558465,0.857527267116775,15.840392163880079,12.553423370492158,75.77526870372746,50.51404776387364,401.5020686784756,5.8599833822931515,651.6902360426012,5.373884429775178,56.97412575205726,250.0375693407889,0.24726226709113133,0.06126445705983603,0.002609825814435904,0.03465807148358788,0.008112921027502717,0.0018367225874455285,8.184582980126057,0.33630434349250193,0.27817887687889087,0.652687114677963,0.027681021886576212,0.0907158724919116,1.2349311969651435,0.08847656261215778,0.0,1.3494555945387157,0.0005605118517034166,1.1269086455956867,0.0,0.20153683929631724,0.0,0.014394827430900505,1.9546609979308327,0.16924068319020366,1.2356868152268548,21.776516505089226,12.328990345495912,0.07305170424349589,0.004726971944012425,0.49325726478369614,0.2365392661377862,1.055090229529146,0.03535495618070885,38.937643497735664,0.3992273821898437,0.67495108516603,0.0,0.0,0.07566551187692794
1675,C[Si](C)(C)P(C1CCCCC1)[Si](C)(C)C,4.505928306641116,6.677777689773896,0.8629306836136722,3.86707524435244,5.871805525110502,217.74266908722174,175.85517373902883,0.7467502649676986,1.445362702928179e-05,3.544837048747585e-05,1.1319883707674152,7.281530787168316,2.084970084618846,27.259922945961765,57.89485501385237,315.4866943022409,-5.871805525110502,15.941590049456149,0.0,92.46425614108948,0.0,19.50901520599726,377.62399978108175,28.94481851931195,13.818783550997287,400.0785694953599,7367.076058675878,24.907788547294185,0.8757227708520531,15.941604736206195,13.233441694618596,92.46429096388574,64.36099368692415,485.3589992194671,9.554921603182772,819.7345860261245,9.59728231742579,57.89486946747941,315.585677816789,4.588383022537406,6.742949304974415,0.9853,3.931811474615,5.9176,217.820788,184.09055217811695,0.7875918993996828,0.3846452843326288,0.9486947557519562,1.2005,7.637639009143182,4.6973348359408895,41.74519582128125,60.48255698187912,316.15071297819554,-5.8447,17.05260760541321,0.0,100.3945305113797,0.0,19.634620956520028,380.2114486698536,29.980018567387148,14.997913062755213,441.02550972830693,7465.307677961947,31.237080766258078,0.8945771451723975,17.40228513662469,13.474240869349059,100.3945305113797,66.92280274381146,486.04122060745846,10.629969855593197,820.8622073264966,11.022306341405423,60.610772076656666,316.27492299497214,3.9559285427757813,5.681042043256907,0.775,3.826103429245,5.8447,217.729117,170.66763777310308,0.6845166177676039,0.0,0.0,1.0879,7.181057773556718,1.6318284789869093,18.8718463247461,56.71769556250217,311.73773520004954,-5.9176,15.653897480567288,0.0,89.63605682532716,0.0,19.337872874848603,363.9090267821782,28.511978485020506,13.098177408139554,373.4549524538566,7093.92469610666,22.66142514433248,0.8058995361037924,15.653897480567288,11.131401410232137,90.43889227671139,51.39579435015375,472.26119605793446,8.12997694505858,804.6098029407007,8.192978257094639,56.71769556250218,314.92002563128784,0.24726226709113133,0.06126445705983603,0.002609825814435904,0.03465807148358788,0.008112921027502717,0.0018367225874455285,8.184582980126057,0.33630434349250193,0.27817887687889087,0.652687114677963,0.027681021886576212,0.0907158724919116,1.2349311969651435,0.08847656261215778,0.0,1.3494555945387157,0.0005605118517034166,1.1269086455956867,0.0,0.20153683929631724,0.0,0.014394827430900505,1.9546609979308327,0.16924068319020366,1.2356868152268548,21.776516505089226,12.328990345495912,0.07305170424349589,0.004726971944012425,0.49325726478369614,0.2365392661377862,1.055090229529146,0.03535495618070885,38.937643497735664,0.3992273821898437,0.67495108516603,0.0,0.0,0.07566551187692794
